Sno,pc_code,pc_description,country_code,country_name,unit,quantity,norm_quantity,pc_type,organisation,bond,Class_Label
1,99,Other_Commodities,5423,U_S_A,Na,2.25E+07,3.18E+08,OtherCommodities,3M_INDIA_LIMITED,70,v64
2,99,Other_Commodities,10027,Bangladesh_Pr,Na,2.25E+07,3.18E+08,OtherCommodities,INDIA_INTERNATIONAL_EXPORTERS_[EH],47,v62
3,99,Other_Commodities,10077,China_P_Rp,Na,2.25E+07,3.18E+08,OtherCommodities,BHAVESH_TRADERS,67,v50
4,99,Other_Commodities,10179,Hong_Kong,Na,2.25E+07,3.18E+08,OtherCommodities,CRESCENT_POLYVINYL_PRIVATE_LIMITED,49,v28
5,99,Other_Commodities,10359,Singapore,Na,2.25E+07,3.18E+08,OtherCommodities,"AADIM_CRAFTS,",52,v32
6,99,Other_Commodities,10437,Vietnam_Soc_Rep,Na,2.25E+07,3.18E+08,OtherCommodities,INDIA_INTERNATIONAL_EXPORTERS_[EH],25,v38
7,99,Other_Commodities,11351,Saudi_Arab,Na,2.25E+07,3.18E+08,OtherCommodities,EMMPAC_HOLDINGS_PRIVATE_LIMITED,70,v25
8,99,Other_Commodities,11419,U_Arab_Emts,Na,2.25E+07,3.18E+08,OtherCommodities,"AADIM_CRAFTS,",36,v63
9,99,Other_Commodities,13147,Germany,Na,2.25E+07,3.18E+08,OtherCommodities,BHAVESH_TRADERS,28,v34
10,99,Other_Commodities,13421,U_K,Na,2.25E+07,3.18E+08,OtherCommodities,CRESCENT_POLYVINYL_PRIVATE_LIMITED,48,v45
11,A3,Rice_-Basmoti,5423,U_S_A,Ton,88941,8.07E+07,Agriculture_allied_products,A_E_AUTOMOTION_P_LIMITED,70,v45
12,A3,Rice_-Basmoti,10027,Bangladesh_Pr,Ton,818,742077.33,Agriculture_allied_products,BANWARI_AROMAS_PVT_LTD_[EH],47,v12
13,A3,Rice_-Basmoti,10179,Hong_Kong,Ton,937,850032.345,Agriculture_allied_products,RELIANCE_INDUSTRIES_LTD,49,v12
14,A3,Rice_-Basmoti,10359,Singapore,Ton,8107,7354548.795,Agriculture_allied_products,KAYILAI_PROJECTS_AND_TRADING_(OPC)_PRIVATE_LIMITED,52,v21
15,A3,Rice_-Basmoti,10437,Vietnam_Soc_Rep,Ton,5,4535.925,Agriculture_allied_products,A_R_BIOTECH_HERBALS_PRIVATE_LIMITED,25,v1
16,A3,Rice_-Basmoti,11351,Saudi_Arab,Ton,966301,8.77E+08,Agriculture_allied_products,MAA_KAMAKHYA_DARBAR_FRAGRANCES_(INDIA),70,v72
17,A3,Rice_-Basmoti,11419,U_Arab_Emts,Ton,277885,2.52E+08,Agriculture_allied_products,A_E_AUTOMOTION_P_LIMITED,36,v62
18,A3,Rice_-Basmoti,13147,Germany,Ton,13512,1.23E+07,Agriculture_allied_products,EUROASIAS_INGREDIENTS_PVT_LTD ,28,v22
19,A3,Rice_-Basmoti,13421,U_K,Ton,136339,1.24E+08,Agriculture_allied_products,RELIANCE_INDUSTRIES_LTD  ,48,v48
20,D7,Buffalo_Meat,5423,U_S_A,Ton,194,175993.89,Agriculture_allied_products,S_A_IMPEX,70,v5v6
21,D7,Buffalo_Meat,10077,China_P_Rp,Ton,56,50802.36,Agriculture_allied_products,PRIME_FISHERIES_PRIVATE_LIMITED,67,v3
22,D7,Buffalo_Meat,10179,Hong_Kong,Ton,480,435448.8,Agriculture_allied_products,AL-NASIR_EXPORTS_PVT.LTD.,49,v12
23,D7,Buffalo_Meat,10359,Singapore,Ton,943,855475.455,Agriculture_allied_products,DEFI_HEALTHCARE_PVT_LTD,52,v13
24,D7,Buffalo_Meat,10437,Vietnam_Soc_Rep,Ton,633352,5.75E+08,Agriculture_allied_products,AL-NASIR_EXPORTS_PVT.LTD.,25,v72
25,D7,Buffalo_Meat,11351,Saudi_Arab,Ton,73821,6.70E+07,Agriculture_allied_products,JAASWIIMPEX,70,v61
26,D7,Buffalo_Meat,11419,U_Arab_Emts,Ton,40875,3.71E+07,Agriculture_allied_products,VKM_FOODS_PRIVATE_LIMITED,36,v45
27,D7,Buffalo_Meat,13147,Germany,Ton,22,19958.07,Agriculture_allied_products,PRIME_FISHERIES_PRIVATE_LIMITED,28,v1
28,E7,Marine_Products,5423,U_S_A,Kgs,1.29E+08,1.29E+08,Agriculture_allied_products,ZARAH_EXPORT-IMPORT_PVT._LTD,70,v72
29,E7,Marine_Products,10027,Bangladesh_Pr,Kgs,4.85E+07,4.85E+07,Agriculture_allied_products,JAASWIIMPEX,47,v27
30,E7,Marine_Products,10077,China_P_Rp,Kgs,5.69E+07,5.69E+07,Agriculture_allied_products,EUROASIAS_INGREDIENTS_PVT_LTD ,67,v45
31,E7,Marine_Products,10179,Hong_Kong,Kgs,4026541,4026541,Agriculture_allied_products,RELIANCE_INDUSTRIES_LTD  ,49,v38
32,E7,Marine_Products,10359,Singapore,Kgs,4944344,4944344,Agriculture_allied_products,S_A_IMPEX,52,v27
33,E7,Marine_Products,10437,Vietnam_Soc_Rep,Kgs,4.34E+08,4.34E+08,Agriculture_allied_products,PRIME_FISHERIES_PRIVATE_LIMITED,25,v72
34,E7,Marine_Products,11351,Saudi_Arab,Kgs,1.21E+07,1.21E+07,Agriculture_allied_products,AL-NASIR_EXPORTS_PVT.LTD.,70,v29
35,E7,Marine_Products,11419,U_Arab_Emts,Kgs,2.50E+07,2.50E+07,Agriculture_allied_products,DEFI_HEALTHCARE_PVT_LTD,36,v54
36,E7,Marine_Products,13147,Germany,Kgs,5007902,5007902,Agriculture_allied_products,AL-NASIR_EXPORTS_PVT.LTD.,28,v27
37,E7,Marine_Products,13421,U_K,Kgs,1.86E+07,1.86E+07,Agriculture_allied_products,JAASWIIMPEX,48,v52
38,G5,"Pearl,_Precs,_Semiprecs_Stones",5423,U_S_A,Na,2.25E+07,3.18E+08,gems_and_jewelry,SWARUP_INTERNATIONAL,70,v81
39,G5,"Pearl,_Precs,_Semiprecs_Stones",10027,Bangladesh_Pr,Na,2.25E+07,3.18E+08,gems_and_jewelry,SEVEN_SEAS_EXIM,47,v12
40,G5,"Pearl,_Precs,_Semiprecs_Stones",10077,China_P_Rp,Na,2.25E+07,3.18E+08,gems_and_jewelry,SWARUP_INTERNATIONAL,67,v47
41,G5,"Pearl,_Precs,_Semiprecs_Stones",10179,Hong_Kong,Na,2.25E+07,3.18E+08,gems_and_jewelry,TRIMURTI_TRADING_COMPANY_PVT.LTD.,49,v1
42,G5,"Pearl,_Precs,_Semiprecs_Stones",10359,Singapore,Na,2.25E+07,3.18E+08,gems_and_jewelry,ZAS_INTERNATIONAL,52,v57
43,G5,"Pearl,_Precs,_Semiprecs_Stones",10437,Vietnam_Soc_Rep,Na,2.25E+07,3.18E+08,gems_and_jewelry,SWARUP_INTERNATIONAL,25,v12
44,G5,"Pearl,_Precs,_Semiprecs_Stones",11351,Saudi_Arab,Na,2.25E+07,3.18E+08,gems_and_jewelry,PADMANABH_TRIMBAK_BARVE,70,v3
45,G5,"Pearl,_Precs,_Semiprecs_Stones",11419,U_Arab_Emts,Na,2.25E+07,3.18E+08,gems_and_jewelry,ELCOT_INTERNATIONAL,36,v73
46,G5,"Pearl,_Precs,_Semiprecs_Stones",13147,Germany,Na,2.25E+07,3.18E+08,gems_and_jewelry,PADMANABH_TRIMBAK_BARVE,28,v31
47,G5,"Pearl,_Precs,_Semiprecs_Stones",13421,U_K,Na,2.25E+07,3.18E+08,gems_and_jewelry,M_S_ENTERPRISE,48,v45
48,G6,Gold,10179,Hong_Kong,Kgs,5,5,gems_and_jewelry,ZAS_INTERNATIONAL,49,v1
49,G6,Gold,11419,U_Arab_Emts,Kgs,69988,69988,gems_and_jewelry,RUPA_EXPORTS_PVT_LTD,36,v73
50,G6,Gold,13147,Germany,Kgs,3,3,gems_and_jewelry,SEVEN_SEAS_EXIM,28,v1
51,G9,Gold_And_Oth_Precs_Metl_Jwlery,5423,U_S_A,Na,2.25E+07,3.18E+08,gems_and_jewelry,NAARWARE_EXIM_PRIVATE_LIMITED,70,v72
52,G9,Gold_And_Oth_Precs_Metl_Jwlery,10027,Bangladesh_Pr,Na,2.25E+07,3.18E+08,gems_and_jewelry,M_S_ENTERPRISE,47,v2
53,G9,Gold_And_Oth_Precs_Metl_Jwlery,10077,China_P_Rp,Na,2.25E+07,3.18E+08,gems_and_jewelry,MALABAR_EXPORT_CORPORATION,67,v14
54,G9,Gold_And_Oth_Precs_Metl_Jwlery,10179,Hong_Kong,Na,2.25E+07,3.18E+08,gems_and_jewelry,RUPA_EXPORTS_PVT_LTD,49,v73
55,G9,Gold_And_Oth_Precs_Metl_Jwlery,10359,Singapore,Na,2.25E+07,3.18E+08,gems_and_jewelry,ELCOT_INTERNATIONAL,52,v62
56,G9,Gold_And_Oth_Precs_Metl_Jwlery,10437,Vietnam_Soc_Rep,Na,2.25E+07,3.18E+08,gems_and_jewelry,PADMANABH_TRIMBAK_BARVE,25,v1
57,G9,Gold_And_Oth_Precs_Metl_Jwlery,11351,Saudi_Arab,Na,2.25E+07,3.18E+08,gems_and_jewelry,NAARWARE_EXIM_PRIVATE_LIMITED,70,v18
58,G9,Gold_And_Oth_Precs_Metl_Jwlery,11419,U_Arab_Emts,Na,2.25E+07,3.18E+08,gems_and_jewelry,ELCOT_INTERNATIONAL,36,v80
59,G9,Gold_And_Oth_Precs_Metl_Jwlery,13147,Germany,Na,2.25E+07,3.18E+08,gems_and_jewelry,MALABAR_EXPORT_CORPORATION,28,v28
60,G9,Gold_And_Oth_Precs_Metl_Jwlery,13421,U_K,Na,2.25E+07,3.18E+08,gems_and_jewelry,AJAY_EXIM,48,v62
61,H5,"Bulk_Drugs,_Drug_Intermediates",5423,U_S_A,Kgs,2.19E+07,2.19E+07,Chemical_Industry,VISHWA_ENGINEERS,70,v65
62,H5,"Bulk_Drugs,_Drug_Intermediates",10027,Bangladesh_Pr,Kgs,6611452,6611452,Chemical_Industry,AJAY_EXIM,47,v39
63,H5,"Bulk_Drugs,_Drug_Intermediates",10077,China_P_Rp,Kgs,5728810,5728810,Chemical_Industry,MDI_VIETINDIA_TRADE_PRIVATE_LIMITED,67,v41
64,H5,"Bulk_Drugs,_Drug_Intermediates",10179,Hong_Kong,Kgs,415022,415022,Chemical_Industry,INDIAN_POTASH_LIMITED,49,v24
65,H5,"Bulk_Drugs,_Drug_Intermediates",10359,Singapore,Kgs,2188817,2188817,Chemical_Industry,MDI_VIETINDIA_TRADE_PRIVATE_LIMITED,52,v35
66,H5,"Bulk_Drugs,_Drug_Intermediates",10437,Vietnam_Soc_Rep,Kgs,7993557,7993557,Chemical_Industry,BL_GLOBAL,25,v31
67,H5,"Bulk_Drugs,_Drug_Intermediates",11351,Saudi_Arab,Kgs,3463991,3463991,Chemical_Industry,VISHWA_ENGINEERS,70,v25
68,H5,"Bulk_Drugs,_Drug_Intermediates",11419,U_Arab_Emts,Kgs,1.02E+07,1.02E+07,Chemical_Industry,ZARAH_ENTERPRISE_[EH],36,v30
69,H5,"Bulk_Drugs,_Drug_Intermediates",13147,Germany,Kgs,8299962,8299962,Chemical_Industry,A_B_GRAIN_SPIRITS_PVT.LTD.,28,v53
70,H5,"Bulk_Drugs,_Drug_Intermediates",13421,U_K,Kgs,3597250,3597250,Chemical_Industry,COSMO_CHEMICALS_PVT.LTD,48,v36
71,H8,"Drug_Formulations,_Biologicals",5423,U_S_A,Kgs,7.30E+07,7.30E+07,Chemical_Industry,HEMAL_CHEMTECH_PRIVATE_LIMITED,70,v75
72,H8,"Drug_Formulations,_Biologicals",10027,Bangladesh_Pr,Kgs,672798,672798,Chemical_Industry,AZIDUS_LABORATORIES_LTD,47,v23
73,H8,"Drug_Formulations,_Biologicals",10077,China_P_Rp,Kgs,415225,415225,Chemical_Industry,A_B_GRAIN_SPIRITS_PVT.LTD.,67,v22
74,H8,"Drug_Formulations,_Biologicals",10179,Hong_Kong,Kgs,297376,297376,Chemical_Industry,INDIAN_ADDITIVES_LIMITED,49,v21
75,H8,"Drug_Formulations,_Biologicals",10359,Singapore,Kgs,1398744,1398744,Chemical_Industry,COSMO_CHEMICALS_PVT.LTD,52,v29
76,H8,"Drug_Formulations,_Biologicals",10437,Vietnam_Soc_Rep,Kgs,9368669,9368669,Chemical_Industry,K_P_OVERSEAS,25,v52
77,H8,"Drug_Formulations,_Biologicals",11351,Saudi_Arab,Kgs,347434,347434,Chemical_Industry,HEMAL_CHEMTECH_PRIVATE_LIMITED,70,v17
78,H8,"Drug_Formulations,_Biologicals",11419,U_Arab_Emts,Kgs,1319288,1319288,Chemical_Industry,MALLADI_DRUGS_&_PHARMACEUTICALS_LIMITED_[SEH],36,v25
79,H8,"Drug_Formulations,_Biologicals",13147,Germany,Kgs,5073668,5073668,Chemical_Industry,CARMEL_ORGANICS_PRIVATE_LIMITED,28,v48
80,H8,"Drug_Formulations,_Biologicals",13421,U_K,Kgs,2.21E+07,2.21E+07,Chemical_Industry,3A_EXPORTS,48,v64
81,I3,Organic_Chemicals,5423,U_S_A,Kgs,2.80E+08,2.80E+08,Chemical_Industry,BCM_CORPORATION,70,v67
82,I3,Organic_Chemicals,10027,Bangladesh_Pr,Kgs,1.33E+07,1.33E+07,Chemical_Industry,LARSEN_&_TOUBRO_LIMITED,47,v26
83,I3,Organic_Chemicals,10077,China_P_Rp,Kgs,5.16E+08,5.16E+08,Chemical_Industry,EISAI_PHARMACEUTICALS_INDIA_PVT_LTD,67,v67
84,I3,Organic_Chemicals,10179,Hong_Kong,Kgs,813673,813673,Chemical_Industry,CARMEL_ORGANICS_PRIVATE_LIMITED,49,v16
85,I3,Organic_Chemicals,10359,Singapore,Kgs,8.68E+07,8.68E+07,Chemical_Industry,HEMAL_CHEMTECH_PRIVATE_LIMITED,52,v46
86,I3,Organic_Chemicals,10437,Vietnam_Soc_Rep,Kgs,8516944,8516944,Chemical_Industry,BCM_CORPORATION,25,v22
87,I3,Organic_Chemicals,11351,Saudi_Arab,Kgs,2.03E+08,2.03E+08,Chemical_Industry,BCM_CORPORATION,70,v60
88,I3,Organic_Chemicals,11419,U_Arab_Emts,Kgs,1.07E+08,1.07E+08,Chemical_Industry,COSMO_CHEMICALS_PVT.LTD,36,v52
89,I3,Organic_Chemicals,13147,Germany,Kgs,2.83E+07,2.83E+07,Chemical_Industry,ZARAH_ENTERPRISE_[EH],28,v58
90,I3,Organic_Chemicals,13421,U_K,Kgs,1.83E+07,1.83E+07,Chemical_Industry,A_B_GRAIN_SPIRITS_PVT.LTD.,48,v32
91,I7,Residul_Chemicl_And_Alled_Prod,5423,U_S_A,Na,2.25E+07,3.18E+08,Chemical_Industry,COSMO_CHEMICALS_PVT.LTD,70,v66
92,I7,Residul_Chemicl_And_Alled_Prod,10027,Bangladesh_Pr,Na,2.25E+07,3.18E+08,Chemical_Industry,HEMAL_CHEMTECH_PRIVATE_LIMITED,47,v35
93,I7,Residul_Chemicl_And_Alled_Prod,10077,China_P_Rp,Na,2.25E+07,3.18E+08,Chemical_Industry,AZIDUS_LABORATORIES_LTD,67,v52
94,I7,Residul_Chemicl_And_Alled_Prod,10179,Hong_Kong,Na,2.25E+07,3.18E+08,Chemical_Industry,A_B_GRAIN_SPIRITS_PVT.LTD.,49,v18
95,I7,Residul_Chemicl_And_Alled_Prod,10359,Singapore,Na,2.25E+07,3.18E+08,Chemical_Industry,INDIAN_ADDITIVES_LIMITED,52,v32
96,I7,Residul_Chemicl_And_Alled_Prod,10437,Vietnam_Soc_Rep,Na,2.25E+07,3.18E+08,Chemical_Industry,COSMO_CHEMICALS_PVT.LTD,25,v25
97,I7,Residul_Chemicl_And_Alled_Prod,11351,Saudi_Arab,Na,2.25E+07,3.18E+08,Chemical_Industry,K_P_OVERSEAS,70,v32
98,I7,Residul_Chemicl_And_Alled_Prod,11419,U_Arab_Emts,Na,2.25E+07,3.18E+08,Chemical_Industry,HEMAL_CHEMTECH_PRIVATE_LIMITED,36,v40
99,I7,Residul_Chemicl_And_Alled_Prod,13147,Germany,Na,2.25E+07,3.18E+08,Chemical_Industry,MALLADI_DRUGS_&_PHARMACEUTICALS_LIMITED_[SEH],28,v60
100,I7,Residul_Chemicl_And_Alled_Prod,13421,U_K,Na,2.25E+07,3.18E+08,Chemical_Industry,CARMEL_ORGANICS_PRIVATE_LIMITED,48,v46
101,L3,Iron_And_Steel,5423,U_S_A,Ton,677863,6.15E+08,Ores_and_minerals,3A_EXPORTS,70,v68
102,L3,Iron_And_Steel,10027,Bangladesh_Pr,Ton,471107,4.27E+08,Ores_and_minerals,BCM_CORPORATION,47,v60
103,L3,Iron_And_Steel,10077,China_P_Rp,Ton,120407,1.09E+08,Ores_and_minerals,LARSEN_&_TOUBRO_LIMITED,67,v42
104,L3,Iron_And_Steel,10179,Hong_Kong,Ton,3291,2985545.835,Ores_and_minerals,EISAI_PHARMACEUTICALS_INDIA_PVT_LTD,49,v19
105,L3,Iron_And_Steel,10359,Singapore,Ton,9065,8223632.025,Ores_and_minerals,CARMEL_ORGANICS_PRIVATE_LIMITED,52,v22
106,L3,Iron_And_Steel,10437,Vietnam_Soc_Rep,Ton,177925,1.61E+08,Ores_and_minerals,HEMAL_CHEMTECH_PRIVATE_LIMITED,25,v42
107,L3,Iron_And_Steel,11351,Saudi_Arab,Ton,378866,3.44E+08,Ores_and_minerals,BCM_CORPORATION,70,v60
108,L3,Iron_And_Steel,11419,U_Arab_Emts,Ton,936442,8.50E+08,Ores_and_minerals,FOOD_&_BIOTECH_ENGINEERS_(INDIA)_PVT_LTD,36,v67
109,L3,Iron_And_Steel,13147,Germany,Ton,61500,5.58E+07,Ores_and_minerals,INDEPTH_IMPEX_PRIVATE_LIMITED,28,v50
110,L3,Iron_And_Steel,13421,U_K,Ton,35201,3.19E+07,Ores_and_minerals,G_S_R_MARKETING_LTD.,48,v28
111,L4,Products_Of_Iron_And_Steel,5423,U_S_A,Na,2.25E+07,3.18E+08,Ores_and_minerals,FOOD_&_BIOTECH_ENGINEERS_(INDIA)_PVT_LTD,70,v72
112,L4,Products_Of_Iron_And_Steel,10027,Bangladesh_Pr,Na,2.25E+07,3.18E+08,Ores_and_minerals,BANJARA_IMPORTS_AND_EXPORTS,47,v25
113,L4,Products_Of_Iron_And_Steel,10077,China_P_Rp,Na,2.25E+07,3.18E+08,Ores_and_minerals,DEVANI_TEXTILES,67,v34
114,L4,Products_Of_Iron_And_Steel,10179,Hong_Kong,Na,2.25E+07,3.18E+08,Ores_and_minerals,G_S_R_MARKETING_LTD.,49,v16
115,L4,Products_Of_Iron_And_Steel,10359,Singapore,Na,2.25E+07,3.18E+08,Ores_and_minerals,FOOD_&_BIOTECH_ENGINEERS_(INDIA)_PVT_LTD,52,v30
116,L4,Products_Of_Iron_And_Steel,10437,Vietnam_Soc_Rep,Na,2.25E+07,3.18E+08,Ores_and_minerals,BANJARA_IMPORTS_AND_EXPORTS,25,v21
117,L4,Products_Of_Iron_And_Steel,11351,Saudi_Arab,Na,2.25E+07,3.18E+08,Ores_and_minerals,CONFITECH_BARTER_PRIVATE_LIMITED,70,v67
118,L4,Products_Of_Iron_And_Steel,11419,U_Arab_Emts,Na,2.25E+07,3.18E+08,Ores_and_minerals,J._R._INTERNATIONAL,36,v67
119,L4,Products_Of_Iron_And_Steel,13147,Germany,Na,2.25E+07,3.18E+08,Ores_and_minerals,A_K_M_EXPORTS,28,v65
120,L4,Products_Of_Iron_And_Steel,13421,U_K,Na,2.25E+07,3.18E+08,Ores_and_minerals,ACE_FAB_EXPORTS,48,v63
121,M3,Auto_Components/Parts,5423,U_S_A,Na,2.25E+07,3.18E+08,Manifacutred_goods,3N_INTERNATIONAL,70,v71
122,M3,Auto_Components/Parts,10027,Bangladesh_Pr,Na,2.25E+07,3.18E+08,Manifacutred_goods,AARIHANT_OVERSEAS,47,v47
123,M3,Auto_Components/Parts,10077,China_P_Rp,Na,2.25E+07,3.18E+08,Manifacutred_goods,GALAXY_MARKETING_ASSOCIATES,67,v36
124,M3,Auto_Components/Parts,10179,Hong_Kong,Na,2.25E+07,3.18E+08,Manifacutred_goods,CONNECTRIX_INDIA_PVT._LTD.,49,v13
125,M3,Auto_Components/Parts,10359,Singapore,Na,2.25E+07,3.18E+08,Manifacutred_goods,MACRO_POWERTECH_INDIA_PVT_LTD,52,v22
126,M3,Auto_Components/Parts,10437,Vietnam_Soc_Rep,Na,2.25E+07,3.18E+08,Manifacutred_goods,NATIONAL_TRADERS,25,v20
127,M3,Auto_Components/Parts,11351,Saudi_Arab,Na,2.25E+07,3.18E+08,Manifacutred_goods,MACRO_POWERTECH_INDIA_PVT_LTD,70,v23
128,M3,Auto_Components/Parts,11419,U_Arab_Emts,Na,2.25E+07,3.18E+08,Manifacutred_goods,J_K_&_SONS,36,v44
129,M3,Auto_Components/Parts,13147,Germany,Na,2.25E+07,3.18E+08,Manifacutred_goods,CONNECTRIX_INDIA_PVT._LTD.,28,v58
130,M3,Auto_Components/Parts,13421,U_K,Na,2.25E+07,3.18E+08,Manifacutred_goods,J_K_&_SONS,48,v60
131,N4,Electric_Machinery_And_Equipme,5423,U_S_A,Na,2.25E+07,3.18E+08,Manifacutred_goods,DRIVELINE_BRAKES_PRIVATE_LIMITED,70,v66
132,N4,Electric_Machinery_And_Equipme,10027,Bangladesh_Pr,Na,2.25E+07,3.18E+08,Manifacutred_goods,AARIHANT_OVERSEAS,47,v32
133,N4,Electric_Machinery_And_Equipme,10077,China_P_Rp,Na,2.25E+07,3.18E+08,Manifacutred_goods,3N_INTERNATIONAL,67,v35
134,N4,Electric_Machinery_And_Equipme,10179,Hong_Kong,Na,2.25E+07,3.18E+08,Manifacutred_goods,DRIVELINE_BRAKES_PRIVATE_LIMITED,49,v27
135,N4,Electric_Machinery_And_Equipme,10359,Singapore,Na,2.25E+07,3.18E+08,Manifacutred_goods,AARIHANT_OVERSEAS,52,v36
136,N4,Electric_Machinery_And_Equipme,10437,Vietnam_Soc_Rep,Na,2.25E+07,3.18E+08,Manifacutred_goods,GALAXY_MARKETING_ASSOCIATES,25,v26
137,N4,Electric_Machinery_And_Equipme,11351,Saudi_Arab,Na,2.25E+07,3.18E+08,Manifacutred_goods,LAKSH_IMPEX,70,v39
138,N4,Electric_Machinery_And_Equipme,11419,U_Arab_Emts,Na,2.25E+07,3.18E+08,Manifacutred_goods,NATIONAL_TRADERS,36,v60
139,N4,Electric_Machinery_And_Equipme,13147,Germany,Na,2.25E+07,3.18E+08,Manifacutred_goods,CONNECTRIX_INDIA_PVT._LTD.,28,v61
140,N4,Electric_Machinery_And_Equipme,13421,U_K,Na,2.25E+07,3.18E+08,Manifacutred_goods,J_K_&_SONS,48,v60
141,N6,Indl._Machnry_For_Dairy_Etc,5423,U_S_A,Na,2.25E+07,3.18E+08,Manifacutred_goods,MAHINDRA_AEROSTRUCTURES_PVT._LTD,70,v67
142,N6,Indl._Machnry_For_Dairy_Etc,10027,Bangladesh_Pr,Na,2.25E+07,3.18E+08,Manifacutred_goods,SHREE_RAMDOOT_IMPORT_EXPORT_PRIVATE_LIMITED,47,v60
143,N6,Indl._Machnry_For_Dairy_Etc,10077,China_P_Rp,Na,2.25E+07,3.18E+08,Manifacutred_goods,PRAGATI_INTERNATIONAL,67,v47
144,N6,Indl._Machnry_For_Dairy_Etc,10179,Hong_Kong,Na,2.25E+07,3.18E+08,Manifacutred_goods,SHREE_RAMDOOT_IMPORT_EXPORT_PRIVATE_LIMITED,49,v21
145,N6,Indl._Machnry_For_Dairy_Etc,10359,Singapore,Na,2.25E+07,3.18E+08,Manifacutred_goods,THERMAX_LTD,52,v36
146,N6,Indl._Machnry_For_Dairy_Etc,10437,Vietnam_Soc_Rep,Na,2.25E+07,3.18E+08,Manifacutred_goods,K_K_THAKER,25,v39
147,N6,Indl._Machnry_For_Dairy_Etc,11351,Saudi_Arab,Na,2.25E+07,3.18E+08,Manifacutred_goods,WIPRO_ENTERPRISES_PRIVATE_LIMITED,70,v38
148,N6,Indl._Machnry_For_Dairy_Etc,11419,U_Arab_Emts,Na,2.25E+07,3.18E+08,Manifacutred_goods,MAHINDRA_AEROSTRUCTURES_PVT._LTD,36,v56
149,N6,Indl._Machnry_For_Dairy_Etc,13147,Germany,Na,2.25E+07,3.18E+08,Manifacutred_goods,WIPRO_ENTERPRISES_PRIVATE_LIMITED,28,v54
150,N6,Indl._Machnry_For_Dairy_Etc,13421,U_K,Na,2.25E+07,3.18E+08,Manifacutred_goods,K_K_THAKER,48,v35
151,O4,"Aircraft,_Spacecraft_And_Parts",5423,U_S_A,Na,2.25E+07,3.18E+08,Manifacutred_goods,KHUSHI_EXPORTS,70,v66
152,O4,"Aircraft,_Spacecraft_And_Parts",10027,Bangladesh_Pr,Na,2.25E+07,3.18E+08,Manifacutred_goods,3M_INDIA_LIMITED,47,v2
153,O4,"Aircraft,_Spacecraft_And_Parts",10077,China_P_Rp,Na,2.25E+07,3.18E+08,Manifacutred_goods,KHUSHI_EXPORTS,67,v51
154,O4,"Aircraft,_Spacecraft_And_Parts",10179,Hong_Kong,Na,2.25E+07,3.18E+08,Manifacutred_goods,"FRESCO_RADIATORS_PVT._LTD.,",49,v22
155,O4,"Aircraft,_Spacecraft_And_Parts",10359,Singapore,Na,2.25E+07,3.18E+08,Manifacutred_goods,KHUSHI_EXPORTS,52,v62
156,O4,"Aircraft,_Spacecraft_And_Parts",10437,Vietnam_Soc_Rep,Na,2.25E+07,3.18E+08,Manifacutred_goods,GEETAANSH_ENTERPRISES,25,v3
157,O4,"Aircraft,_Spacecraft_And_Parts",11351,Saudi_Arab,Na,2.25E+07,3.18E+08,Manifacutred_goods,INDIANA_MACHINE_TOOLS,70,v5v6
158,O4,"Aircraft,_Spacecraft_And_Parts",11419,U_Arab_Emts,Na,2.25E+07,3.18E+08,Manifacutred_goods,"FRESCO_RADIATORS_PVT._LTD.,",36,v72
159,O4,"Aircraft,_Spacecraft_And_Parts",13147,Germany,Na,2.25E+07,3.18E+08,Manifacutred_goods,GEETAANSH_ENTERPRISES,28,v36
160,O4,"Aircraft,_Spacecraft_And_Parts",13421,U_K,Na,2.25E+07,3.18E+08,Manifacutred_goods,EXCEL_ENGINEERS,48,v63
161,O5,Motor_Vehicle/Cars,5423,U_S_A,Nos,89,89,Manifacutred_goods,AADHAYA_INCORPORATION,70,v12
162,O5,Motor_Vehicle/Cars,10027,Bangladesh_Pr,Nos,58967,58967,Manifacutred_goods,AADHAYA_INCORPORATION,47,v60
163,O5,Motor_Vehicle/Cars,10077,China_P_Rp,Nos,33,33,Manifacutred_goods,"BRASSTECH_ENGINEERING_PVT._LTD.,",67,v19
164,O5,Motor_Vehicle/Cars,10179,Hong_Kong,Nos,1,1,Manifacutred_goods,3N_INTERNATIONAL,49,v1
165,O5,Motor_Vehicle/Cars,10359,Singapore,Nos,31,31,Manifacutred_goods,GENERAL_EXPORT,52,v14
166,O5,Motor_Vehicle/Cars,10437,Vietnam_Soc_Rep,Nos,16866,16866,Manifacutred_goods,D_N_TECHNOLOGIES,25,v48
167,O5,Motor_Vehicle/Cars,11351,Saudi_Arab,Nos,19199,19199,Manifacutred_goods,MADHU_SUBTRONIC_COMPONENTS_PVT_LTD,70,v60
168,O5,Motor_Vehicle/Cars,11419,U_Arab_Emts,Nos,29818,29818,Manifacutred_goods,MADHU_SUBTRONIC_COMPONENTS_PVT_LTD,36,v61
169,O5,Motor_Vehicle/Cars,13147,Germany,Nos,6112,6112,Manifacutred_goods,3N_INTERNATIONAL,28,v34
170,O5,Motor_Vehicle/Cars,13421,U_K,Nos,39805,39805,Manifacutred_goods,D_N_TECHNOLOGIES,48,v62
171,O7,"Ship,_Boat_And_Floating_Struct",5423,U_S_A,Na,2.25E+07,3.18E+08,Manifacutred_goods,5_BRO_INDIA,70,v5v6
172,O7,"Ship,_Boat_And_Floating_Struct",10027,Bangladesh_Pr,Na,2.25E+07,3.18E+08,Manifacutred_goods,3M_ELECTRO_&_COMMUNICATION_INDIA_PVT.LTD,47,v9
173,O7,"Ship,_Boat_And_Floating_Struct",10077,China_P_Rp,Na,2.25E+07,3.18E+08,Manifacutred_goods,5_BRO_INDIA,67,v1
174,O7,"Ship,_Boat_And_Floating_Struct",10179,Hong_Kong,Na,2.25E+07,3.18E+08,Manifacutred_goods,SKYRISE_OVERSEAS_PVT._LTD,49,v2
175,O7,"Ship,_Boat_And_Floating_Struct",10359,Singapore,Na,2.25E+07,3.18E+08,Manifacutred_goods,CARE_INSTRUMENTS,52,v70
176,O7,"Ship,_Boat_And_Floating_Struct",10437,Vietnam_Soc_Rep,Na,2.25E+07,3.18E+08,Manifacutred_goods,EQUIPMENT_FABRICATORS,25,v24
177,O7,"Ship,_Boat_And_Floating_Struct",11351,Saudi_Arab,Na,2.25E+07,3.18E+08,Manifacutred_goods,INDO_EXPORTS,70,v20
178,O7,"Ship,_Boat_And_Floating_Struct",11419,U_Arab_Emts,Na,2.25E+07,3.18E+08,Manifacutred_goods,"BRASSTECH_ENGINEERING_PVT._LTD.,",36,v72
179,O7,"Ship,_Boat_And_Floating_Struct",13147,Germany,Na,2.25E+07,3.18E+08,Manifacutred_goods,AL_ZUBAIR_EXPORTER_[EH],28,v4
180,O7,"Ship,_Boat_And_Floating_Struct",13421,U_K,Na,2.25E+07,3.18E+08,Manifacutred_goods,3M_ELECTRO_&_COMMUNICATION_INDIA_PVT.LTD,48,v1
181,P7,Cotton_Yarn,5423,U_S_A,Ton,7268,6593420.58,Textile,KAILASH_TRADING_COMPANY,70,v23
182,P7,Cotton_Yarn,10027,Bangladesh_Pr,Ton,163429,1.48E+08,Textile,AL_ZUBAIR_EXPORTER_[EH],47,v66
183,P7,Cotton_Yarn,10077,China_P_Rp,Ton,564763,5.12E+08,Textile,SKYRISE_OVERSEAS_PVT._LTD,67,v72
184,P7,Cotton_Yarn,10179,Hong_Kong,Ton,24392,2.21E+07,Textile,"BRASSTECH_ENGINEERING_PVT._LTD.,",49,v34
185,P7,Cotton_Yarn,10359,Singapore,Ton,136,123377.16,Textile,CARE_INSTRUMENTS,52,v7
186,P7,Cotton_Yarn,10437,Vietnam_Soc_Rep,Ton,53934,4.89E+07,Textile,INDO_EXPORTS,25,v55
187,P7,Cotton_Yarn,11351,Saudi_Arab,Ton,129,117026.865,Textile,GANGA_RK_INDUSTRIES_PVT._LTD.,70,v10
188,P7,Cotton_Yarn,11419,U_Arab_Emts,Ton,4017,3644162.145,Textile,"BRASSTECH_ENGINEERING_PVT._LTD.,",36,v21
189,P7,Cotton_Yarn,13147,Germany,Ton,12821,1.16E+07,Textile,AL_ZUBAIR_EXPORTER_[EH],28,v29
190,P7,Cotton_Yarn,13421,U_K,Ton,1061,962523.285,Textile,3M_ELECTRO_&_COMMUNICATION_INDIA_PVT.LTD,48,v15
191,P8,"Cotton_Fabrics,_Madeups_Etc.",5423,U_S_A,Na,2.25E+07,3.18E+08,Textile,ZANDROS_CORPORATION,70,v72
192,P8,"Cotton_Fabrics,_Madeups_Etc.",10027,Bangladesh_Pr,Na,2.25E+07,3.18E+08,Textile,SKYRISE_OVERSEAS_PVT._LTD,47,v64
193,P8,"Cotton_Fabrics,_Madeups_Etc.",10077,China_P_Rp,Na,2.25E+07,3.18E+08,Textile,ZANDROS_CORPORATION,67,v26
194,P8,"Cotton_Fabrics,_Madeups_Etc.",10179,Hong_Kong,Na,2.25E+07,3.18E+08,Textile,TESLA_POWER_EQUIPMENTS_AND_PROJECTS_PRIVATE_LIMITE,49,v22
195,P8,"Cotton_Fabrics,_Madeups_Etc.",10359,Singapore,Na,2.25E+07,3.18E+08,Textile,V_ONE_ENTERTAINMENT_PVT_LTD.,52,v19
196,P8,"Cotton_Fabrics,_Madeups_Etc.",10437,Vietnam_Soc_Rep,Na,2.25E+07,3.18E+08,Textile,SKYRISE_OVERSEAS_PVT._LTD,25,v22
197,P8,"Cotton_Fabrics,_Madeups_Etc.",11351,Saudi_Arab,Na,2.25E+07,3.18E+08,Textile,VEEGLOW_ENGINEERING_SOLUTIONS_PRIVATE_LIMITED,70,v24
198,P8,"Cotton_Fabrics,_Madeups_Etc.",11419,U_Arab_Emts,Na,2.25E+07,3.18E+08,Textile,ZANDROS_CORPORATION,36,v60
199,P8,"Cotton_Fabrics,_Madeups_Etc.",13147,Germany,Na,2.25E+07,3.18E+08,Textile,V_ONE_ENTERTAINMENT_PVT_LTD.,28,v60
200,P8,"Cotton_Fabrics,_Madeups_Etc.",13421,U_K,Na,2.25E+07,3.18E+08,Textile,SOMI_INTERNATIONAL,48,v60
201,Q3,"Manmade_Yarn,Fabrics,Madeups",5423,U_S_A,Na,2.25E+07,3.18E+08,Textile,3D_INTERNATIONAL,70,v63
202,Q3,"Manmade_Yarn,Fabrics,Madeups",10027,Bangladesh_Pr,Na,2.25E+07,3.18E+08,Textile,GEEKAY_EXPORTS,47,v61
203,Q3,"Manmade_Yarn,Fabrics,Madeups",10077,China_P_Rp,Na,2.25E+07,3.18E+08,Textile,CONTEMPORARY_INDUSTRIES_LTD.,67,v28
204,Q3,"Manmade_Yarn,Fabrics,Madeups",10179,Hong_Kong,Na,2.25E+07,3.18E+08,Textile,DAISY_INDUSTRIES,49,v21
205,Q3,"Manmade_Yarn,Fabrics,Madeups",10359,Singapore,Na,2.25E+07,3.18E+08,Textile,A_R_POLYSACKS_PVT._LTD.,52,v26
206,Q3,"Manmade_Yarn,Fabrics,Madeups",10437,Vietnam_Soc_Rep,Na,2.25E+07,3.18E+08,Textile,CONTEMPORARY_INDUSTRIES_LTD.,25,v33
207,Q3,"Manmade_Yarn,Fabrics,Madeups",11351,Saudi_Arab,Na,2.25E+07,3.18E+08,Textile,DAISY_INDUSTRIES,70,v29
208,Q3,"Manmade_Yarn,Fabrics,Madeups",11419,U_Arab_Emts,Na,2.25E+07,3.18E+08,Textile,A_R_POLYSACKS_PVT._LTD.,36,v66
209,Q3,"Manmade_Yarn,Fabrics,Madeups",13147,Germany,Na,2.25E+07,3.18E+08,Textile,FLOCK_CREATION_PRIVATE_LIMITED,28,v44
210,Q3,"Manmade_Yarn,Fabrics,Madeups",13421,U_K,Na,2.25E+07,3.18E+08,Textile,3D_INTERNATIONAL,48,v53
211,Q6,Rmg_Cotton_Incl_Accessories,5423,U_S_A,Na,2.25E+07,3.18E+08,Textile,KAILASH_TRADING_COMPANY,70,v72
212,Q6,Rmg_Cotton_Incl_Accessories,10027,Bangladesh_Pr,Na,2.25E+07,3.18E+08,Textile,AL_ZUBAIR_EXPORTER_[EH],47,v13
213,Q6,Rmg_Cotton_Incl_Accessories,10077,China_P_Rp,Na,2.25E+07,3.18E+08,Textile,SKYRISE_OVERSEAS_PVT._LTD,67,v29
214,Q6,Rmg_Cotton_Incl_Accessories,10179,Hong_Kong,Na,2.25E+07,3.18E+08,Textile,"BRASSTECH_ENGINEERING_PVT._LTD.,",49,v28
215,Q6,Rmg_Cotton_Incl_Accessories,10359,Singapore,Na,2.25E+07,3.18E+08,Textile,CARE_INSTRUMENTS,52,v25
216,Q6,Rmg_Cotton_Incl_Accessories,10437,Vietnam_Soc_Rep,Na,2.25E+07,3.18E+08,Textile,INDO_EXPORTS,25,v8
217,Q6,Rmg_Cotton_Incl_Accessories,11351,Saudi_Arab,Na,2.25E+07,3.18E+08,Textile,GANGA_RK_INDUSTRIES_PVT._LTD.,70,v56
218,Q6,Rmg_Cotton_Incl_Accessories,11419,U_Arab_Emts,Na,2.25E+07,3.18E+08,Textile,"BRASSTECH_ENGINEERING_PVT._LTD.,",36,v71
219,Q6,Rmg_Cotton_Incl_Accessories,13147,Germany,Na,2.25E+07,3.18E+08,Textile,AL_ZUBAIR_EXPORTER_[EH],28,v68
220,Q6,Rmg_Cotton_Incl_Accessories,13421,U_K,Na,2.25E+07,3.18E+08,Textile,3M_ELECTRO_&_COMMUNICATION_INDIA_PVT.LTD,48,v72
221,Q8,Rmg_Manmade_Fibres,5423,U_S_A,Na,2.25E+07,3.18E+08,Textile,ZANDROS_CORPORATION,70,v67
222,Q8,Rmg_Manmade_Fibres,10027,Bangladesh_Pr,Na,2.25E+07,3.18E+08,Textile,SKYRISE_OVERSEAS_PVT._LTD,47,v13
223,Q8,Rmg_Manmade_Fibres,10077,China_P_Rp,Na,2.25E+07,3.18E+08,Textile,ZANDROS_CORPORATION,67,v21
224,Q8,Rmg_Manmade_Fibres,10179,Hong_Kong,Na,2.25E+07,3.18E+08,Textile,TESLA_POWER_EQUIPMENTS_AND_PROJECTS_PRIVATE_LIMITE,49,v21
225,Q8,Rmg_Manmade_Fibres,10359,Singapore,Na,2.25E+07,3.18E+08,Textile,V_ONE_ENTERTAINMENT_PVT_LTD.,52,v22
226,Q8,Rmg_Manmade_Fibres,10437,Vietnam_Soc_Rep,Na,2.25E+07,3.18E+08,Textile,SKYRISE_OVERSEAS_PVT._LTD,25,v1
227,Q8,Rmg_Manmade_Fibres,11351,Saudi_Arab,Na,2.25E+07,3.18E+08,Textile,VEEGLOW_ENGINEERING_SOLUTIONS_PRIVATE_LIMITED,70,v30
228,Q8,Rmg_Manmade_Fibres,11419,U_Arab_Emts,Na,2.25E+07,3.18E+08,Textile,ZANDROS_CORPORATION,36,v70
229,Q8,Rmg_Manmade_Fibres,13147,Germany,Na,2.25E+07,3.18E+08,Textile,V_ONE_ENTERTAINMENT_PVT_LTD.,28,v60
230,Q8,Rmg_Manmade_Fibres,13421,U_K,Na,2.25E+07,3.18E+08,Textile,SOMI_INTERNATIONAL,48,v65
231,S6,Petroleum_Products,5423,U_S_A,Ton,4539862,4.12E+09,Ores_and_minerals,Oil_and_Natural_Gas_Corporation,70,v75
232,S6,Petroleum_Products,10027,Bangladesh_Pr,Ton,178547,1.62E+08,Ores_and_minerals,Bharat_Petroleum,47,v46
233,S6,Petroleum_Products,10077,China_P_Rp,Ton,1715165,1.56E+09,Ores_and_minerals,Oil_and_Natural_Gas_Corporation,67,v72
234,S6,Petroleum_Products,10179,Hong_Kong,Ton,11890,1.08E+07,Ores_and_minerals,Reliance_Natural_Resources_Limited,49,v21
235,S6,Petroleum_Products,10359,Singapore,Ton,7867972,7.14E+09,Ores_and_minerals,Hindustan_Petroleum,52,v78
236,S6,Petroleum_Products,10437,Vietnam_Soc_Rep,Ton,66466,6.03E+07,Ores_and_minerals,Indian_Oil_Corporation,25,v32
237,S6,Petroleum_Products,11351,Saudi_Arab,Ton,6911508,6.27E+09,Ores_and_minerals,Oil_and_Natural_Gas_Corporation,70,v79
238,S6,Petroleum_Products,11419,U_Arab_Emts,Ton,8012428,7.27E+09,Ores_and_minerals,Reliance_Natural_Resources_Limited,36,v80
239,S6,Petroleum_Products,13147,Germany,Ton,28489,2.58E+07,Ores_and_minerals,Indian_Oil_Corporation,28,v24
240,S6,Petroleum_Products,13421,U_K,Ton,85152,7.72E+07,Ores_and_minerals,Bharat_Petroleum,48,v31
241,99,Other_Commodities,5423,U_S_A,Na,2.25E+07,3.18E+08,OtherCommodities,BHAVESH_TRADERS,70,v65
242,99,Other_Commodities,10027,Bangladesh_Pr,Na,2.25E+07,3.18E+08,OtherCommodities,EMMPAC_HOLDINGS_PRIVATE_LIMITED,47,v62
243,99,Other_Commodities,10077,China_P_Rp,Na,2.25E+07,3.18E+08,OtherCommodities,BHAVESH_TRADERS,67,v35
244,99,Other_Commodities,10179,Hong_Kong,Na,2.25E+07,3.18E+08,OtherCommodities,J.R._EXPORTS,49,v22
245,99,Other_Commodities,10359,Singapore,Na,2.25E+07,3.18E+08,OtherCommodities,"AADIM_CRAFTS,",52,v72
246,99,Other_Commodities,10437,Vietnam_Soc_Rep,Na,2.25E+07,3.18E+08,OtherCommodities,EMMPAC_HOLDINGS_PRIVATE_LIMITED,25,v32
247,99,Other_Commodities,11351,Saudi_Arab,Na,2.25E+07,3.18E+08,OtherCommodities,KARTHICK_ENTERPRISES,70,v25
248,99,Other_Commodities,11419,U_Arab_Emts,Na,2.25E+07,3.18E+08,OtherCommodities,KARTHICK_ENTERPRISES,36,v62
249,99,Other_Commodities,13147,Germany,Na,2.25E+07,3.18E+08,OtherCommodities,CRESCENT_POLYVINYL_PRIVATE_LIMITED,28,v46
250,99,Other_Commodities,13421,U_K,Na,2.25E+07,3.18E+08,OtherCommodities,BHAVESH_TRADERS,48,v60
251,A3,Rice_-Basmoti,5423,U_S_A,Ton,120688,1.09E+08,Agriculture_allied_products,A_E_AUTOMOTION_P_LIMITED,70,v45
252,A3,Rice_-Basmoti,10027,Bangladesh_Pr,Ton,745,675852.825,Agriculture_allied_products,BANWARI_AROMAS_PVT_LTD_[EH],47,v10
253,A3,Rice_-Basmoti,10077,China_P_Rp,Ton,0,0,Agriculture_allied_products,KAYILAI_PROJECTS_AND_TRADING_(OPC)_PRIVATE_LIMITED,67,v1
254,A3,Rice_-Basmoti,10179,Hong_Kong,Ton,1321,1198391.385,Agriculture_allied_products,S_A_IMPEX,49,v12
255,A3,Rice_-Basmoti,10359,Singapore,Ton,10345,9384828.825,Agriculture_allied_products,KAYILAI_PROJECTS_AND_TRADING_(OPC)_PRIVATE_LIMITED,52,v21
256,A3,Rice_-Basmoti,10437,Vietnam_Soc_Rep,Ton,27,24493.995,Agriculture_allied_products,A_R_BIOTECH_HERBALS_PRIVATE_LIMITED,25,v1
257,A3,Rice_-Basmoti,11351,Saudi_Arab,Ton,948845,8.61E+08,Agriculture_allied_products,MAA_KAMAKHYA_DARBAR_FRAGRANCES_(INDIA),70,v70
258,A3,Rice_-Basmoti,11419,U_Arab_Emts,Ton,612152,5.55E+08,Agriculture_allied_products,EUROASIAS_INGREDIENTS_PVT_LTD,36,v65
259,A3,Rice_-Basmoti,13147,Germany,Ton,15006,1.36E+07,Agriculture_allied_products,BANWARI_AROMAS_PVT_LTD_[EH],28,v21
260,A3,Rice_-Basmoti,13421,U_K,Ton,187703,1.70E+08,Agriculture_allied_products,RELIANCE_INDUSTRIES_LTD,48,v47
261,D7,Buffalo_Meat,5423,U_S_A,Ton,1794,1627489.89,Agriculture_allied_products,AL-NASIR_EXPORTS_PVT.LTD.,70,v12
262,D7,Buffalo_Meat,10077,China_P_Rp,Ton,0,0,Agriculture_allied_products,DEFI_HEALTHCARE_PVT_LTD,67,v1
263,D7,Buffalo_Meat,10179,Hong_Kong,Ton,3531,3203270.235,Agriculture_allied_products,A_M_EXPORTS,49,v21
264,D7,Buffalo_Meat,10359,Singapore,Ton,800,725748,Agriculture_allied_products,ZARAH_EXPORT-IMPORT_PVT._LTD,52,v13
265,D7,Buffalo_Meat,10437,Vietnam_Soc_Rep,Ton,605103,5.49E+08,Agriculture_allied_products,A_M_EXPORTS,25,v72
266,D7,Buffalo_Meat,11351,Saudi_Arab,Ton,64651,5.87E+07,Agriculture_allied_products,JAASWIIMPEX,70,v60
267,D7,Buffalo_Meat,11419,U_Arab_Emts,Ton,35490,3.22E+07,Agriculture_allied_products,VKM_FOODS_PRIVATE_LIMITED,36,v41
268,D7,Buffalo_Meat,13147,Germany,Ton,28,25401.18,Agriculture_allied_products,DEFI_HEALTHCARE_PVT_LTD,28,v2
269,E7,Marine_Products,5423,U_S_A,Kgs,1.47E+08,1.47E+08,Agriculture_allied_products,PRIME_FISHERIES_PRIVATE_LIMITED,70,v72
270,E7,Marine_Products,10027,Bangladesh_Pr,Kgs,4.28E+07,4.28E+07,Agriculture_allied_products,S_A_IMPEX,47,v25
271,E7,Marine_Products,10077,China_P_Rp,Kgs,4.90E+07,4.90E+07,Agriculture_allied_products,KAYILAI_PROJECTS_AND_TRADING_(OPC)_PRIVATE_LIMITED,67,v48
272,E7,Marine_Products,10179,Hong_Kong,Kgs,3614191,3614191,Agriculture_allied_products,A_R_BIOTECH_HERBALS_PRIVATE_LIMITED,49,v35
273,E7,Marine_Products,10359,Singapore,Kgs,5695442,5695442,Agriculture_allied_products,MAA_KAMAKHYA_DARBAR_FRAGRANCES_(INDIA),52,v27
274,E7,Marine_Products,10437,Vietnam_Soc_Rep,Kgs,2.27E+08,2.27E+08,Agriculture_allied_products,EUROASIAS_INGREDIENTS_PVT_LTD,25,v70
275,E7,Marine_Products,11351,Saudi_Arab,Kgs,1.04E+07,1.04E+07,Agriculture_allied_products,BANWARI_AROMAS_PVT_LTD_[EH],70,v28
276,E7,Marine_Products,11419,U_Arab_Emts,Kgs,2.26E+07,2.26E+07,Agriculture_allied_products,RELIANCE_INDUSTRIES_LTD,36,v46
277,E7,Marine_Products,13147,Germany,Kgs,5341683,5341683,Agriculture_allied_products,AL-NASIR_EXPORTS_PVT.LTD.,28,v26
278,E7,Marine_Products,13421,U_K,Kgs,1.80E+07,1.80E+07,Agriculture_allied_products,DEFI_HEALTHCARE_PVT_LTD,48,v45
279,G5,"Pearl,_Precs,_Semiprecs_Stones",5423,U_S_A,Na,2.25E+07,3.18E+08,gems_and_jewelry,SEVEN_SEAS_EXIM,70,v81
280,G5,"Pearl,_Precs,_Semiprecs_Stones",10027,Bangladesh_Pr,Na,2.25E+07,3.18E+08,gems_and_jewelry,ZAS_INTERNATIONAL,47,v12
281,G5,"Pearl,_Precs,_Semiprecs_Stones",10077,China_P_Rp,Na,2.25E+07,3.18E+08,gems_and_jewelry,NAARWARE_EXIM_PRIVATE_LIMITED,67,v40
282,G5,"Pearl,_Precs,_Semiprecs_Stones",10179,Hong_Kong,Na,2.25E+07,3.18E+08,gems_and_jewelry,SEVEN_SEAS_EXIM,49,v1
283,G5,"Pearl,_Precs,_Semiprecs_Stones",10359,Singapore,Na,2.25E+07,3.18E+08,gems_and_jewelry,M_S_ENTERPRISE,52,v60
284,G5,"Pearl,_Precs,_Semiprecs_Stones",10437,Vietnam_Soc_Rep,Na,2.25E+07,3.18E+08,gems_and_jewelry,SEVEN_SEAS_EXIM,25,v12
285,G5,"Pearl,_Precs,_Semiprecs_Stones",11351,Saudi_Arab,Na,2.25E+07,3.18E+08,gems_and_jewelry,RUPA_EXPORTS_PVT_LTD,70,v11
286,G5,"Pearl,_Precs,_Semiprecs_Stones",11419,U_Arab_Emts,Na,2.25E+07,3.18E+08,gems_and_jewelry,TRIMURTI_TRADING_COMPANY_PVT.LTD.,36,v72
287,G5,"Pearl,_Precs,_Semiprecs_Stones",13147,Germany,Na,2.25E+07,3.18E+08,gems_and_jewelry,M_S_ENTERPRISE,28,v29
288,G5,"Pearl,_Precs,_Semiprecs_Stones",13421,U_K,Na,2.25E+07,3.18E+08,gems_and_jewelry,ELCOT_INTERNATIONAL,48,v48
289,G6,Gold,5423,U_S_A,Kgs,103,103,gems_and_jewelry,ZAS_INTERNATIONAL,70,v14
290,G6,Gold,10179,Hong_Kong,Kgs,2,2,gems_and_jewelry,NAARWARE_EXIM_PRIVATE_LIMITED,49,v1
291,G6,Gold,10359,Singapore,Kgs,752,752,gems_and_jewelry,PADMANABH_TRIMBAK_BARVE,52,v25
292,G6,Gold,11419,U_Arab_Emts,Kgs,148608,148608,gems_and_jewelry,MALABAR_EXPORT_CORPORATION,36,v78
293,G6,Gold,13421,U_K,Kgs,0,0,gems_and_jewelry,RUPA_EXPORTS_PVT_LTD,48,v1
294,G9,Gold_And_Oth_Precs_Metl_Jwlery,5423,U_S_A,Na,2.25E+07,3.18E+08,gems_and_jewelry,M_S_ENTERPRISE,70,v72
295,G9,Gold_And_Oth_Precs_Metl_Jwlery,10027,Bangladesh_Pr,Na,2.25E+07,3.18E+08,gems_and_jewelry,PADMANABH_TRIMBAK_BARVE,47,v15
296,G9,Gold_And_Oth_Precs_Metl_Jwlery,10077,China_P_Rp,Na,2.25E+07,3.18E+08,gems_and_jewelry,MALABAR_EXPORT_CORPORATION,67,v4
297,G9,Gold_And_Oth_Precs_Metl_Jwlery,10179,Hong_Kong,Na,2.25E+07,3.18E+08,gems_and_jewelry,NAARWARE_EXIM_PRIVATE_LIMITED,49,v73
298,G9,Gold_And_Oth_Precs_Metl_Jwlery,10359,Singapore,Na,2.25E+07,3.18E+08,gems_and_jewelry,ELCOT_INTERNATIONAL,52,v52
299,G9,Gold_And_Oth_Precs_Metl_Jwlery,10437,Vietnam_Soc_Rep,Na,2.25E+07,3.18E+08,gems_and_jewelry,NAARWARE_EXIM_PRIVATE_LIMITED,25,v1
300,G9,Gold_And_Oth_Precs_Metl_Jwlery,11351,Saudi_Arab,Na,2.25E+07,3.18E+08,gems_and_jewelry,ELCOT_INTERNATIONAL,70,v16
301,G9,Gold_And_Oth_Precs_Metl_Jwlery,11419,U_Arab_Emts,Na,2.25E+07,3.18E+08,gems_and_jewelry,MALABAR_EXPORT_CORPORATION,36,v77
302,G9,Gold_And_Oth_Precs_Metl_Jwlery,13147,Germany,Na,2.25E+07,3.18E+08,gems_and_jewelry,ZARAH_ENTERPRISE_[EH],28,v28
303,G9,Gold_And_Oth_Precs_Metl_Jwlery,13421,U_K,Na,2.25E+07,3.18E+08,gems_and_jewelry,INDIAN_POTASH_LIMITED,48,v63
304,H5,"Bulk_Drugs,_Drug_Intermediates",5423,U_S_A,Kgs,2.30E+07,2.30E+07,Chemical_Industry,AJAY_EXIM,70,v64
305,H5,"Bulk_Drugs,_Drug_Intermediates",10027,Bangladesh_Pr,Kgs,6828052,6828052,Chemical_Industry,MDI_VIETINDIA_TRADE_PRIVATE_LIMITED,47,v39
306,H5,"Bulk_Drugs,_Drug_Intermediates",10077,China_P_Rp,Kgs,5506792,5506792,Chemical_Industry,UNION_EXPORTS,67,v41
307,H5,"Bulk_Drugs,_Drug_Intermediates",10179,Hong_Kong,Kgs,323837,323837,Chemical_Industry,VISHWA_ENGINEERS,49,v22
308,H5,"Bulk_Drugs,_Drug_Intermediates",10359,Singapore,Kgs,2543874,2543874,Chemical_Industry,MDI_VIETINDIA_TRADE_PRIVATE_LIMITED,52,v33
309,H5,"Bulk_Drugs,_Drug_Intermediates",10437,Vietnam_Soc_Rep,Kgs,9103179,9103179,Chemical_Industry,ZARAH_ENTERPRISE_[EH],25,v31
310,H5,"Bulk_Drugs,_Drug_Intermediates",11351,Saudi_Arab,Kgs,3504926,3504926,Chemical_Industry,A_B_GRAIN_SPIRITS_PVT.LTD.,70,v24
311,H5,"Bulk_Drugs,_Drug_Intermediates",11419,U_Arab_Emts,Kgs,1.10E+07,1.10E+07,Chemical_Industry,COSMO_CHEMICALS_PVT.LTD,36,v29
312,H5,"Bulk_Drugs,_Drug_Intermediates",13147,Germany,Kgs,7628191,7628191,Chemical_Industry,HEMAL_CHEMTECH_PRIVATE_LIMITED,28,v48
313,H5,"Bulk_Drugs,_Drug_Intermediates",13421,U_K,Kgs,4478767,4478767,Chemical_Industry,AZIDUS_LABORATORIES_LTD,48,v35
314,H8,"Drug_Formulations,_Biologicals",5423,U_S_A,Kgs,7.85E+07,7.85E+07,Chemical_Industry,K_P_OVERSEAS,70,v77
315,H8,"Drug_Formulations,_Biologicals",10027,Bangladesh_Pr,Kgs,327061,327061,Chemical_Industry,INDIAN_ADDITIVES_LIMITED,47,v23
316,H8,"Drug_Formulations,_Biologicals",10077,China_P_Rp,Kgs,259858,259858,Chemical_Industry,AZIDUS_LABORATORIES_LTD,67,v22
317,H8,"Drug_Formulations,_Biologicals",10179,Hong_Kong,Kgs,252508,252508,Chemical_Industry,K_P_OVERSEAS,49,v21
318,H8,"Drug_Formulations,_Biologicals",10359,Singapore,Kgs,1292650,1292650,Chemical_Industry,MALLADI_DRUGS_&_PHARMACEUTICALS_LIMITED_[SEH],52,v29
319,H8,"Drug_Formulations,_Biologicals",10437,Vietnam_Soc_Rep,Kgs,5386968,5386968,Chemical_Industry,MALLADI_DRUGS_&_PHARMACEUTICALS_LIMITED_[SEH],25,v47
320,H8,"Drug_Formulations,_Biologicals",11351,Saudi_Arab,Kgs,339873,339873,Chemical_Industry,LARSEN_&_TOUBRO_LIMITED,70,v20
321,H8,"Drug_Formulations,_Biologicals",11419,U_Arab_Emts,Kgs,1066315,1066315,Chemical_Industry,3A_EXPORTS,36,v25
322,H8,"Drug_Formulations,_Biologicals",13147,Germany,Kgs,5352954,5352954,Chemical_Industry,BCM_CORPORATION,28,v50
323,H8,"Drug_Formulations,_Biologicals",13421,U_K,Kgs,2.27E+07,2.27E+07,Chemical_Industry,EISAI_PHARMACEUTICALS_INDIA_PVT_LTD,48,v65
324,I3,Organic_Chemicals,5423,U_S_A,Kgs,2.34E+08,2.34E+08,Chemical_Industry,EISAI_PHARMACEUTICALS_INDIA_PVT_LTD,70,v66
325,I3,Organic_Chemicals,10027,Bangladesh_Pr,Kgs,1.77E+07,1.77E+07,Chemical_Industry,3A_EXPORTS,47,v26
326,I3,Organic_Chemicals,10077,China_P_Rp,Kgs,4.21E+08,4.21E+08,Chemical_Industry,CARMEL_ORGANICS_PRIVATE_LIMITED,67,v65
327,I3,Organic_Chemicals,10179,Hong_Kong,Kgs,880748,880748,Chemical_Industry,HEMAL_CHEMTECH_PRIVATE_LIMITED,49,v14
328,I3,Organic_Chemicals,10359,Singapore,Kgs,1.56E+08,1.56E+08,Chemical_Industry,BCM_CORPORATION,52,v50
329,I3,Organic_Chemicals,10437,Vietnam_Soc_Rep,Kgs,7689604,7689604,Chemical_Industry,COSMO_CHEMICALS_PVT.LTD,25,v22
330,I3,Organic_Chemicals,11351,Saudi_Arab,Kgs,5.31E+08,5.31E+08,Chemical_Industry,BADVE_-_CELLINO_ENGINEERING_PVT._LTD.,70,v63
331,I3,Organic_Chemicals,11419,U_Arab_Emts,Kgs,1.89E+08,1.89E+08,Chemical_Industry,3A_EXPORTS,36,v54
332,I3,Organic_Chemicals,13147,Germany,Kgs,3.57E+07,3.57E+07,Chemical_Industry,ELHAM_TECH_SOLUTIONS_AND_SERVICES_LLP,28,v57
333,I3,Organic_Chemicals,13421,U_K,Kgs,1.18E+07,1.18E+07,Chemical_Industry,DHWANI_INTERNATIONAL,48,v32
334,I7,Residul_Chemicl_And_Alled_Prod,5423,U_S_A,Na,2.25E+07,3.18E+08,Chemical_Industry,3A_EXPORTS,70,v65
335,I7,Residul_Chemicl_And_Alled_Prod,10027,Bangladesh_Pr,Na,2.25E+07,3.18E+08,Chemical_Industry,CHAMPARAN_FASHION_PVT._LTD.,47,v36
336,I7,Residul_Chemicl_And_Alled_Prod,10077,China_P_Rp,Na,2.25E+07,3.18E+08,Chemical_Industry,CHAMPARAN_FASHION_PVT._LTD.,67,v48
337,I7,Residul_Chemicl_And_Alled_Prod,10179,Hong_Kong,Na,2.25E+07,3.18E+08,Chemical_Industry,GANDHI_EXPORTS,49,v17
338,I7,Residul_Chemicl_And_Alled_Prod,10359,Singapore,Na,2.25E+07,3.18E+08,Chemical_Industry,ELHAM_TECH_SOLUTIONS_AND_SERVICES_LLP,52,v30
339,I7,Residul_Chemicl_And_Alled_Prod,10437,Vietnam_Soc_Rep,Na,2.25E+07,3.18E+08,Chemical_Industry,GANDHI_EXPORTS,25,v25
340,I7,Residul_Chemicl_And_Alled_Prod,11351,Saudi_Arab,Na,2.25E+07,3.18E+08,Chemical_Industry,BCM_CORPORATION,70,v31
341,I7,Residul_Chemicl_And_Alled_Prod,11419,U_Arab_Emts,Na,2.25E+07,3.18E+08,Chemical_Industry,EISAI_PHARMACEUTICALS_INDIA_PVT_LTD,36,v37
342,I7,Residul_Chemicl_And_Alled_Prod,13147,Germany,Na,2.25E+07,3.18E+08,Chemical_Industry,EISAI_PHARMACEUTICALS_INDIA_PVT_LTD,28,v60
343,I7,Residul_Chemicl_And_Alled_Prod,13421,U_K,Na,2.25E+07,3.18E+08,Chemical_Industry,3A_EXPORTS,48,v40
344,L3,Iron_And_Steel,5423,U_S_A,Ton,314830,2.86E+08,Ores_and_minerals,BANJARA_IMPORTS_AND_EXPORTS,70,v64
345,L3,Iron_And_Steel,10027,Bangladesh_Pr,Ton,657402,5.96E+08,Ores_and_minerals,KAYILAI_PROJECTS_AND_TRADING_(OPC)_PRIVATE_LIMITED,47,v60
346,L3,Iron_And_Steel,10077,China_P_Rp,Ton,147609,1.34E+08,Ores_and_minerals,G_S_R_MARKETING_LTD.,67,v48
347,L3,Iron_And_Steel,10179,Hong_Kong,Ton,2144,1945004.64,Ores_and_minerals,FOOD_&_BIOTECH_ENGINEERS_(INDIA)_PVT_LTD,49,v16
348,L3,Iron_And_Steel,10359,Singapore,Ton,10180,9235143.3,Ores_and_minerals,JASMINE_INDUSTRIAL_CORPORATION,52,v21
349,L3,Iron_And_Steel,10437,Vietnam_Soc_Rep,Ton,64477,5.85E+07,Ores_and_minerals,CONFITECH_BARTER_PRIVATE_LIMITED,25,v33
350,L3,Iron_And_Steel,11351,Saudi_Arab,Ton,75466,6.85E+07,Ores_and_minerals,G_S_R_MARKETING_LTD.,70,v31
351,L3,Iron_And_Steel,11419,U_Arab_Emts,Ton,415440,3.77E+08,Ores_and_minerals,FOOD_&_BIOTECH_ENGINEERS_(INDIA)_PVT_LTD,36,v61
352,L3,Iron_And_Steel,13147,Germany,Ton,41458,3.76E+07,Ores_and_minerals,JASMINE_INDUSTRIAL_CORPORATION,28,v38
353,L3,Iron_And_Steel,13421,U_K,Ton,15383,1.40E+07,Ores_and_minerals,CONFITECH_BARTER_PRIVATE_LIMITED,48,v24
354,L4,Products_Of_Iron_And_Steel,5423,U_S_A,Na,2.25E+07,3.18E+08,Ores_and_minerals,J._R._INTERNATIONAL,70,v72
355,L4,Products_Of_Iron_And_Steel,10027,Bangladesh_Pr,Na,2.25E+07,3.18E+08,Ores_and_minerals,A_K_M_EXPORTS,47,v35
356,L4,Products_Of_Iron_And_Steel,10077,China_P_Rp,Na,2.25E+07,3.18E+08,Ores_and_minerals,ACE_FAB_EXPORTS,67,v31
357,L4,Products_Of_Iron_And_Steel,10179,Hong_Kong,Na,2.25E+07,3.18E+08,Ores_and_minerals,BEST_OFFSET_PRIVATE_LIMITED,49,v15
358,L4,Products_Of_Iron_And_Steel,10359,Singapore,Na,2.25E+07,3.18E+08,Ores_and_minerals,ACE_FAB_EXPORTS,52,v29
359,L4,Products_Of_Iron_And_Steel,10437,Vietnam_Soc_Rep,Na,2.25E+07,3.18E+08,Ores_and_minerals,EMI_TRADING_&_ENGINEERING_(INDIA)_PRIVATE_LIMITED,25,v22
360,L4,Products_Of_Iron_And_Steel,11351,Saudi_Arab,Na,2.25E+07,3.18E+08,Ores_and_minerals,BEST_OFFSET_PRIVATE_LIMITED,70,v61
361,L4,Products_Of_Iron_And_Steel,11419,U_Arab_Emts,Na,2.25E+07,3.18E+08,Ores_and_minerals,GEO_TRANS_INTERNATIONAL_PVT_LIMITED,36,v66
362,L4,Products_Of_Iron_And_Steel,13147,Germany,Na,2.25E+07,3.18E+08,Ores_and_minerals,DUPLEX_STEEL_AND_ENGINEERING_CO.,28,v63
363,L4,Products_Of_Iron_And_Steel,13421,U_K,Na,2.25E+07,3.18E+08,Ores_and_minerals,EMI_TRADING_&_ENGINEERING_(INDIA)_PRIVATE_LIMITED,48,v61
364,M3,Auto_Components/Parts,5423,U_S_A,Na,2.25E+07,3.18E+08,Manifacutred_goods,PRIMETECH_INDUSTRIES,70,v70
365,M3,Auto_Components/Parts,10027,Bangladesh_Pr,Na,2.25E+07,3.18E+08,Manifacutred_goods,AARIHANT_OVERSEAS,47,v48
366,M3,Auto_Components/Parts,10077,China_P_Rp,Na,2.25E+07,3.18E+08,Manifacutred_goods,3N_INTERNATIONAL,67,v32
367,M3,Auto_Components/Parts,10179,Hong_Kong,Na,2.25E+07,3.18E+08,Manifacutred_goods,MACRO_POWERTECH_INDIA_PVT_LTD,49,v13
368,M3,Auto_Components/Parts,10359,Singapore,Na,2.25E+07,3.18E+08,Manifacutred_goods,AARIHANT_OVERSEAS,52,v21
369,M3,Auto_Components/Parts,10437,Vietnam_Soc_Rep,Na,2.25E+07,3.18E+08,Manifacutred_goods,J_K_&_SONS,25,v22
370,M3,Auto_Components/Parts,11351,Saudi_Arab,Na,2.25E+07,3.18E+08,Manifacutred_goods,GALAXY_MARKETING_ASSOCIATES,70,v24
371,M3,Auto_Components/Parts,11419,U_Arab_Emts,Na,2.25E+07,3.18E+08,Manifacutred_goods,MACRO_POWERTECH_INDIA_PVT_LTD,36,v46
372,M3,Auto_Components/Parts,13147,Germany,Na,2.25E+07,3.18E+08,Manifacutred_goods,CONNECTRIX_INDIA_PVT._LTD.,28,v57
373,M3,Auto_Components/Parts,13421,U_K,Na,2.25E+07,3.18E+08,Manifacutred_goods,PRIMETECH_INDUSTRIES,48,v56
374,N4,Electric_Machinery_And_Equipme,5423,U_S_A,Na,2.25E+07,3.18E+08,Manifacutred_goods,PRIMETECH_INDUSTRIES,70,v66
375,N4,Electric_Machinery_And_Equipme,10027,Bangladesh_Pr,Na,2.25E+07,3.18E+08,Manifacutred_goods,CONNECTRIX_INDIA_PVT._LTD.,47,v41
376,N4,Electric_Machinery_And_Equipme,10077,China_P_Rp,Na,2.25E+07,3.18E+08,Manifacutred_goods,3N_INTERNATIONAL,67,v38
377,N4,Electric_Machinery_And_Equipme,10179,Hong_Kong,Na,2.25E+07,3.18E+08,Manifacutred_goods,NATIONAL_TRADERS,49,v25
378,N4,Electric_Machinery_And_Equipme,10359,Singapore,Na,2.25E+07,3.18E+08,Manifacutred_goods,AARIHANT_OVERSEAS,52,v37
379,N4,Electric_Machinery_And_Equipme,10437,Vietnam_Soc_Rep,Na,2.25E+07,3.18E+08,Manifacutred_goods,GALAXY_MARKETING_ASSOCIATES,25,v31
380,N4,Electric_Machinery_And_Equipme,11351,Saudi_Arab,Na,2.25E+07,3.18E+08,Manifacutred_goods,GALAXY_MARKETING_ASSOCIATES,70,v36
381,N4,Electric_Machinery_And_Equipme,11419,U_Arab_Emts,Na,2.25E+07,3.18E+08,Manifacutred_goods,NATIONAL_TRADERS,36,v56
382,N4,Electric_Machinery_And_Equipme,13147,Germany,Na,2.25E+07,3.18E+08,Manifacutred_goods,CONNECTRIX_INDIA_PVT._LTD.,28,v60
383,N4,Electric_Machinery_And_Equipme,13421,U_K,Na,2.25E+07,3.18E+08,Manifacutred_goods,J_K_&_SONS,48,v60
384,N6,Indl._Machnry_For_Dairy_Etc,5423,U_S_A,Na,2.25E+07,3.18E+08,Manifacutred_goods,MAHINDRA_AEROSTRUCTURES_PVT._LTD,70,v68
385,N6,Indl._Machnry_For_Dairy_Etc,10027,Bangladesh_Pr,Na,2.25E+07,3.18E+08,Manifacutred_goods,PRAGATI_INTERNATIONAL,47,v61
386,N6,Indl._Machnry_For_Dairy_Etc,10077,China_P_Rp,Na,2.25E+07,3.18E+08,Manifacutred_goods,SHREE_RAMDOOT_IMPORT_EXPORT_PRIVATE_LIMITED,67,v40
387,N6,Indl._Machnry_For_Dairy_Etc,10179,Hong_Kong,Na,2.25E+07,3.18E+08,Manifacutred_goods,K_K_THAKER,49,v20
388,N6,Indl._Machnry_For_Dairy_Etc,10359,Singapore,Na,2.25E+07,3.18E+08,Manifacutred_goods,WIPRO_ENTERPRISES_PRIVATE_LIMITED,52,v32
389,N6,Indl._Machnry_For_Dairy_Etc,10437,Vietnam_Soc_Rep,Na,2.25E+07,3.18E+08,Manifacutred_goods,THERMAX_LTD,25,v37
390,N6,Indl._Machnry_For_Dairy_Etc,11351,Saudi_Arab,Na,2.25E+07,3.18E+08,Manifacutred_goods,K_K_THAKER,70,v46
391,N6,Indl._Machnry_For_Dairy_Etc,11419,U_Arab_Emts,Na,2.25E+07,3.18E+08,Manifacutred_goods,MAHINDRA_AEROSTRUCTURES_PVT._LTD,36,v52
392,N6,Indl._Machnry_For_Dairy_Etc,13147,Germany,Na,2.25E+07,3.18E+08,Manifacutred_goods,WIPRO_ENTERPRISES_PRIVATE_LIMITED,28,v54
393,N6,Indl._Machnry_For_Dairy_Etc,13421,U_K,Na,2.25E+07,3.18E+08,Manifacutred_goods,K_K_THAKER,48,v36
394,O4,"Aircraft,_Spacecraft_And_Parts",5423,U_S_A,Na,2.25E+07,3.18E+08,Manifacutred_goods,KHUSHI_EXPORTS,70,v66
395,O4,"Aircraft,_Spacecraft_And_Parts",10027,Bangladesh_Pr,Na,2.25E+07,3.18E+08,Manifacutred_goods,3M_INDIA_LIMITED,47,v1
396,O4,"Aircraft,_Spacecraft_And_Parts",10077,China_P_Rp,Na,2.25E+07,3.18E+08,Manifacutred_goods,KHUSHI_EXPORTS,67,v22
397,O4,"Aircraft,_Spacecraft_And_Parts",10179,Hong_Kong,Na,2.25E+07,3.18E+08,Manifacutred_goods,"FRESCO_RADIATORS_PVT._LTD.,",49,v13
398,O4,"Aircraft,_Spacecraft_And_Parts",10359,Singapore,Na,2.25E+07,3.18E+08,Manifacutred_goods,INDIANA_MACHINE_TOOLS,52,v41
399,O4,"Aircraft,_Spacecraft_And_Parts",10437,Vietnam_Soc_Rep,Na,2.25E+07,3.18E+08,Manifacutred_goods,3M_INDIA_LIMITED,25,v4
400,O4,"Aircraft,_Spacecraft_And_Parts",11351,Saudi_Arab,Na,2.25E+07,3.18E+08,Manifacutred_goods,"FRESCO_RADIATORS_PVT._LTD.,",70,v13
401,O4,"Aircraft,_Spacecraft_And_Parts",11419,U_Arab_Emts,Na,2.25E+07,3.18E+08,Manifacutred_goods,3M_INDIA_LIMITED,36,v68
402,O4,"Aircraft,_Spacecraft_And_Parts",13147,Germany,Na,2.25E+07,3.18E+08,Manifacutred_goods,INDIANA_MACHINE_TOOLS,28,v59
403,O4,"Aircraft,_Spacecraft_And_Parts",13421,U_K,Na,2.25E+07,3.18E+08,Manifacutred_goods,EXCEL_ENGINEERS,48,v51
404,O5,Motor_Vehicle/Cars,5423,U_S_A,Nos,143,143,Manifacutred_goods,AADHAYA_INCORPORATION,70,v12
405,O5,Motor_Vehicle/Cars,10027,Bangladesh_Pr,Nos,40397,40397,Manifacutred_goods,AADHAYA_INCORPORATION,47,v58
406,O5,Motor_Vehicle/Cars,10077,China_P_Rp,Nos,36,36,Manifacutred_goods,MADHU_SUBTRONIC_COMPONENTS_PVT_LTD,67,v14
407,O5,Motor_Vehicle/Cars,10179,Hong_Kong,Nos,1,1,Manifacutred_goods,3N_INTERNATIONAL,49,v4
408,O5,Motor_Vehicle/Cars,10359,Singapore,Nos,93,93,Manifacutred_goods,"BRASSTECH_ENGINEERING_PVT._LTD.,",52,v26
409,O5,Motor_Vehicle/Cars,10437,Vietnam_Soc_Rep,Nos,21387,21387,Manifacutred_goods,MADHU_SUBTRONIC_COMPONENTS_PVT_LTD,25,v54
410,O5,Motor_Vehicle/Cars,11351,Saudi_Arab,Nos,23792,23792,Manifacutred_goods,GENERAL_EXPORT,70,v60
411,O5,Motor_Vehicle/Cars,11419,U_Arab_Emts,Nos,19066,19066,Manifacutred_goods,MADHU_SUBTRONIC_COMPONENTS_PVT_LTD,36,v60
412,O5,Motor_Vehicle/Cars,13147,Germany,Nos,9601,9601,Manifacutred_goods,3N_INTERNATIONAL,28,v42
413,O5,Motor_Vehicle/Cars,13421,U_K,Nos,31414,31414,Manifacutred_goods,GENERAL_EXPORT,48,v62
414,O7,"Ship,_Boat_And_Floating_Struct",5423,U_S_A,Na,2.25E+07,3.18E+08,Manifacutred_goods,5_BRO_INDIA,70,v7
415,O7,"Ship,_Boat_And_Floating_Struct",10027,Bangladesh_Pr,Na,2.25E+07,3.18E+08,Manifacutred_goods,5_BRO_INDIA,47,v11
416,O7,"Ship,_Boat_And_Floating_Struct",10359,Singapore,Na,2.25E+07,3.18E+08,Manifacutred_goods,3M_ELECTRO_&_COMMUNICATION_INDIA_PVT.LTD,52,v68
417,O7,"Ship,_Boat_And_Floating_Struct",11351,Saudi_Arab,Na,2.25E+07,3.18E+08,Manifacutred_goods,SKYRISE_OVERSEAS_PVT._LTD,70,v1
418,O7,"Ship,_Boat_And_Floating_Struct",11419,U_Arab_Emts,Na,2.25E+07,3.18E+08,Manifacutred_goods,CARE_INSTRUMENTS,36,v68
419,P7,Cotton_Yarn,5423,U_S_A,Ton,4695,4259233.575,Textile,GANGA_RK_INDUSTRIES_PVT._LTD.,70,v21
420,P7,Cotton_Yarn,10027,Bangladesh_Pr,Ton,194345,1.76E+08,Textile,SKYRISE_OVERSEAS_PVT._LTD,47,v66
421,P7,Cotton_Yarn,10077,China_P_Rp,Ton,588583,5.34E+08,Textile,"BRASSTECH_ENGINEERING_PVT._LTD.,",67,v72
422,P7,Cotton_Yarn,10179,Hong_Kong,Ton,17834,1.62E+07,Textile,AL_ZUBAIR_EXPORTER_[EH],49,v28
423,P7,Cotton_Yarn,10359,Singapore,Ton,369,334751.265,Textile,INDO_EXPORTS,52,v12
424,P7,Cotton_Yarn,10437,Vietnam_Soc_Rep,Ton,24004,2.18E+07,Textile,SKYRISE_OVERSEAS_PVT._LTD,25,v33
425,P7,Cotton_Yarn,11351,Saudi_Arab,Ton,122,110676.57,Textile,AL_ZUBAIR_EXPORTER_[EH],70,v4
426,P7,Cotton_Yarn,11419,U_Arab_Emts,Ton,3706,3362027.61,Textile,3M_ELECTRO_&_COMMUNICATION_INDIA_PVT.LTD,36,v20
427,P7,Cotton_Yarn,13147,Germany,Ton,15142,1.37E+07,Textile,"BRASSTECH_ENGINEERING_PVT._LTD.,",28,v29
428,P7,Cotton_Yarn,13421,U_K,Ton,1078,977945.43,Textile,CARE_INSTRUMENTS,48,v14
429,P8,"Cotton_Fabrics,_Madeups_Etc.",5423,U_S_A,Na,2.25E+07,3.18E+08,Textile,GANGA_RK_INDUSTRIES_PVT._LTD.,70,v72
430,P8,"Cotton_Fabrics,_Madeups_Etc.",10027,Bangladesh_Pr,Na,2.25E+07,3.18E+08,Textile,INDO_EXPORTS,47,v64
431,P8,"Cotton_Fabrics,_Madeups_Etc.",10077,China_P_Rp,Na,2.25E+07,3.18E+08,Textile,"BRASSTECH_ENGINEERING_PVT._LTD.,",67,v26
432,P8,"Cotton_Fabrics,_Madeups_Etc.",10179,Hong_Kong,Na,2.25E+07,3.18E+08,Textile,AL_ZUBAIR_EXPORTER_[EH],49,v21
433,P8,"Cotton_Fabrics,_Madeups_Etc.",10359,Singapore,Na,2.25E+07,3.18E+08,Textile,3M_ELECTRO_&_COMMUNICATION_INDIA_PVT.LTD,52,v18
434,P8,"Cotton_Fabrics,_Madeups_Etc.",10437,Vietnam_Soc_Rep,Na,2.25E+07,3.18E+08,Textile,ZANDROS_CORPORATION,25,v23
435,P8,"Cotton_Fabrics,_Madeups_Etc.",11351,Saudi_Arab,Na,2.25E+07,3.18E+08,Textile,SKYRISE_OVERSEAS_PVT._LTD,70,v23
436,P8,"Cotton_Fabrics,_Madeups_Etc.",11419,U_Arab_Emts,Na,2.25E+07,3.18E+08,Textile,ZANDROS_CORPORATION,36,v60
437,P8,"Cotton_Fabrics,_Madeups_Etc.",13147,Germany,Na,2.25E+07,3.18E+08,Textile,TESLA_POWER_EQUIPMENTS_AND_PROJECTS_PRIVATE_LIMITE,28,v57
438,P8,"Cotton_Fabrics,_Madeups_Etc.",13421,U_K,Na,2.25E+07,3.18E+08,Textile,V_ONE_ENTERTAINMENT_PVT_LTD.,48,v60
439,Q3,"Manmade_Yarn,Fabrics,Madeups",5423,U_S_A,Na,2.25E+07,3.18E+08,Textile,SKYRISE_OVERSEAS_PVT._LTD,70,v63
440,Q3,"Manmade_Yarn,Fabrics,Madeups",10027,Bangladesh_Pr,Na,2.25E+07,3.18E+08,Textile,YOGI_EXPORTS,47,v61
441,Q3,"Manmade_Yarn,Fabrics,Madeups",10077,China_P_Rp,Na,2.25E+07,3.18E+08,Textile,ZANDROS_CORPORATION,67,v25
442,Q3,"Manmade_Yarn,Fabrics,Madeups",10179,Hong_Kong,Na,2.25E+07,3.18E+08,Textile,ZANDROS_CORPORATION,49,v20
443,Q3,"Manmade_Yarn,Fabrics,Madeups",10359,Singapore,Na,2.25E+07,3.18E+08,Textile,SOMI_INTERNATIONAL,52,v23
444,Q3,"Manmade_Yarn,Fabrics,Madeups",10437,Vietnam_Soc_Rep,Na,2.25E+07,3.18E+08,Textile,3D_INTERNATIONAL,25,v34
445,Q3,"Manmade_Yarn,Fabrics,Madeups",11351,Saudi_Arab,Na,2.25E+07,3.18E+08,Textile,FLOCK_CREATION_PRIVATE_LIMITED,70,v27
446,Q3,"Manmade_Yarn,Fabrics,Madeups",11419,U_Arab_Emts,Na,2.25E+07,3.18E+08,Textile,CONTEMPORARY_INDUSTRIES_LTD.,36,v66
447,Q3,"Manmade_Yarn,Fabrics,Madeups",13147,Germany,Na,2.25E+07,3.18E+08,Textile,DAISY_INDUSTRIES,28,v40
448,Q3,"Manmade_Yarn,Fabrics,Madeups",13421,U_K,Na,2.25E+07,3.18E+08,Textile,A_R_POLYSACKS_PVT._LTD.,48,v50
449,Q6,Rmg_Cotton_Incl_Accessories,5423,U_S_A,Na,2.25E+07,3.18E+08,Textile,A_R_POLYSACKS_PVT._LTD.,70,v72
450,Q6,Rmg_Cotton_Incl_Accessories,10027,Bangladesh_Pr,Na,2.25E+07,3.18E+08,Textile,DAISY_INDUSTRIES,47,v13
451,Q6,Rmg_Cotton_Incl_Accessories,10077,China_P_Rp,Na,2.25E+07,3.18E+08,Textile,FLOCK_CREATION_PRIVATE_LIMITED,67,v29
452,Q6,Rmg_Cotton_Incl_Accessories,10179,Hong_Kong,Na,2.25E+07,3.18E+08,Textile,GEEKAY_EXPORTS,49,v28
453,Q6,Rmg_Cotton_Incl_Accessories,10359,Singapore,Na,2.25E+07,3.18E+08,Textile,3D_INTERNATIONAL,52,v24
454,Q6,Rmg_Cotton_Incl_Accessories,10437,Vietnam_Soc_Rep,Na,2.25E+07,3.18E+08,Textile,Bharat_Petroleum,25,v7
455,Q6,Rmg_Cotton_Incl_Accessories,11351,Saudi_Arab,Na,2.25E+07,3.18E+08,Textile,Bharat_Petroleum,70,v59
456,Q6,Rmg_Cotton_Incl_Accessories,11419,U_Arab_Emts,Na,2.25E+07,3.18E+08,Textile,Oil_and_Natural_Gas_Corporation,36,v72
457,Q6,Rmg_Cotton_Incl_Accessories,13147,Germany,Na,2.25E+07,3.18E+08,Textile,Reliance_Natural_Resources_Limited,28,v67
458,Q6,Rmg_Cotton_Incl_Accessories,13421,U_K,Na,2.25E+07,3.18E+08,Textile,Indian_Oil_Corporation,48,v72
459,Q8,Rmg_Manmade_Fibres,5423,U_S_A,Na,2.25E+07,3.18E+08,Textile,Hindustan_Petroleum,70,v68
460,Q8,Rmg_Manmade_Fibres,10027,Bangladesh_Pr,Na,2.25E+07,3.18E+08,Textile,Oil_and_Natural_Gas_Corporation,47,v21
461,Q8,Rmg_Manmade_Fibres,10077,China_P_Rp,Na,2.25E+07,3.18E+08,Textile,Reliance_Natural_Resources_Limited,67,v21
462,Q8,Rmg_Manmade_Fibres,10179,Hong_Kong,Na,2.25E+07,3.18E+08,Textile,Indian_Oil_Corporation,49,v23
463,Q8,Rmg_Manmade_Fibres,10359,Singapore,Na,2.25E+07,3.18E+08,Textile,Bharat_Petroleum,52,v21
464,Q8,Rmg_Manmade_Fibres,10437,Vietnam_Soc_Rep,Na,2.25E+07,3.18E+08,Textile,3M_INDIA_LIMITED,25,v1
465,Q8,Rmg_Manmade_Fibres,11351,Saudi_Arab,Na,2.25E+07,3.18E+08,Textile,BHAVESH_TRADERS,70,v31
466,Q8,Rmg_Manmade_Fibres,11419,U_Arab_Emts,Na,2.25E+07,3.18E+08,Textile,"AADIM_CRAFTS,",36,v72
467,Q8,Rmg_Manmade_Fibres,13147,Germany,Na,2.25E+07,3.18E+08,Textile,CRESCENT_POLYVINYL_PRIVATE_LIMITED,28,v60
468,Q8,Rmg_Manmade_Fibres,13421,U_K,Na,2.25E+07,3.18E+08,Textile,EMMPAC_HOLDINGS_PRIVATE_LIMITED,48,v64
469,S6,Petroleum_Products,5423,U_S_A,Ton,3378388,3.06E+09,Ores_and_minerals,Bharat_Petroleum,70,v72
470,S6,Petroleum_Products,10027,Bangladesh_Pr,Ton,147451,1.34E+08,Ores_and_minerals,Bharat_Petroleum,47,v34
471,S6,Petroleum_Products,10077,China_P_Rp,Ton,1737795,1.58E+09,Ores_and_minerals,Oil_and_Natural_Gas_Corporation,67,v67
472,S6,Petroleum_Products,10179,Hong_Kong,Ton,135189,1.23E+08,Ores_and_minerals,Reliance_Natural_Resources_Limited,49,v30
473,S6,Petroleum_Products,10359,Singapore,Ton,7176810,6.51E+09,Ores_and_minerals,Indian_Oil_Corporation,52,v73
474,S6,Petroleum_Products,10437,Vietnam_Soc_Rep,Ton,81633,7.41E+07,Ores_and_minerals,Hindustan_Petroleum,25,v24
475,S6,Petroleum_Products,11351,Saudi_Arab,Ton,3096937,2.81E+09,Ores_and_minerals,Oil_and_Natural_Gas_Corporation,70,v72
476,S6,Petroleum_Products,11419,U_Arab_Emts,Ton,8230693,7.47E+09,Ores_and_minerals,Reliance_Natural_Resources_Limited,36,v75
477,S6,Petroleum_Products,13147,Germany,Ton,6687,6066346.095,Ores_and_minerals,Indian_Oil_Corporation,28,v15
478,S6,Petroleum_Products,13421,U_K,Ton,20494,1.86E+07,Ores_and_minerals,Bharat_Petroleum,48,v21
479,99,Other_Commodities,5423,U_S_A,Na,2.25E+07,3.18E+08,OtherCommodities,3M_INDIA_LIMITED,70,v64
480,99,Other_Commodities,10027,Bangladesh_Pr,Na,2.25E+07,3.18E+08,OtherCommodities,BHAVESH_TRADERS,47,v62
481,99,Other_Commodities,10077,China_P_Rp,Na,2.25E+07,3.18E+08,OtherCommodities,"AADIM_CRAFTS,",67,v40
482,99,Other_Commodities,10179,Hong_Kong,Na,2.25E+07,3.18E+08,OtherCommodities,CRESCENT_POLYVINYL_PRIVATE_LIMITED,49,v21
483,99,Other_Commodities,10359,Singapore,Na,2.25E+07,3.18E+08,OtherCommodities,EMMPAC_HOLDINGS_PRIVATE_LIMITED,52,v32
484,99,Other_Commodities,10437,Vietnam_Soc_Rep,Na,2.25E+07,3.18E+08,OtherCommodities,INDIA_INTERNATIONAL_EXPORTERS_[EH],25,v39
485,99,Other_Commodities,11351,Saudi_Arab,Na,2.25E+07,3.18E+08,OtherCommodities,BHAVESH_TRADERS,70,v32
486,99,Other_Commodities,11419,U_Arab_Emts,Na,2.25E+07,3.18E+08,OtherCommodities,J.R._EXPORTS,36,v50
487,99,Other_Commodities,13147,Germany,Na,2.25E+07,3.18E+08,OtherCommodities,3M_INDIA_LIMITED,28,v37
488,99,Other_Commodities,13421,U_K,Na,2.25E+07,3.18E+08,OtherCommodities,J.R._EXPORTS,48,v40
489,A3,Rice_-Basmoti,5423,U_S_A,Ton,109108,9.90E+07,Agriculture_allied_products,A_E_AUTOMOTION_P_LIMITED,70,v41
490,A3,Rice_-Basmoti,10027,Bangladesh_Pr,Ton,1658,1504112.73,Agriculture_allied_products,KAYILAI_PROJECTS_AND_TRADING_(OPC)_PRIVATE_LIMITED,47,v12
491,A3,Rice_-Basmoti,10077,China_P_Rp,Ton,48,43544.88,Agriculture_allied_products,S_A_IMPEX,67,v1
492,A3,Rice_-Basmoti,10179,Hong_Kong,Ton,1529,1387085.865,Agriculture_allied_products,EUROASIAS_INGREDIENTS_PVT_LTD ,49,v12
493,A3,Rice_-Basmoti,10359,Singapore,Ton,10509,9533607.165,Agriculture_allied_products,A_E_AUTOMOTION_P_LIMITED,52,v21
494,A3,Rice_-Basmoti,10437,Vietnam_Soc_Rep,Ton,90,81646.65,Agriculture_allied_products,MAA_KAMAKHYA_DARBAR_FRAGRANCES_(INDIA),25,v1
495,A3,Rice_-Basmoti,11351,Saudi_Arab,Ton,811776,7.36E+08,Agriculture_allied_products,KAYILAI_PROJECTS_AND_TRADING_(OPC)_PRIVATE_LIMITED,70,v67
496,A3,Rice_-Basmoti,11419,U_Arab_Emts,Ton,615690,5.59E+08,Agriculture_allied_products,EUROASIAS_INGREDIENTS_PVT_LTD,36,v65
497,A3,Rice_-Basmoti,13147,Germany,Ton,14382,1.30E+07,Agriculture_allied_products,BANWARI_AROMAS_PVT_LTD_[EH],28,v21
498,A3,Rice_-Basmoti,13421,U_K,Ton,151669,1.38E+08,Agriculture_allied_products,A_R_BIOTECH_HERBALS_PRIVATE_LIMITED ,48,v39
499,D7,Buffalo_Meat,5423,U_S_A,Ton,5009,4544089.665,Agriculture_allied_products,PRIME_FISHERIES_PRIVATE_LIMITED,70,v16
500,D7,Buffalo_Meat,10027,Bangladesh_Pr,Ton,166,150592.71,Agriculture_allied_products,A_M_EXPORTS,47,v5v6
501,D7,Buffalo_Meat,10179,Hong_Kong,Ton,1625,1474175.625,Agriculture_allied_products,AL-NASIR_EXPORTS_PVT.LTD.,49,v15
502,D7,Buffalo_Meat,10359,Singapore,Ton,2722,2469357.57,Agriculture_allied_products,ZARAH_EXPORT-IMPORT_PVT._LTD,52,v17
503,D7,Buffalo_Meat,10437,Vietnam_Soc_Rep,Ton,667143,6.05E+08,Agriculture_allied_products,DEFI_HEALTHCARE_PVT_LTD,25,v72
504,D7,Buffalo_Meat,11351,Saudi_Arab,Ton,44003,3.99E+07,Agriculture_allied_products,A_M_EXPORTS,70,v50
505,D7,Buffalo_Meat,11419,U_Arab_Emts,Ton,35455,3.22E+07,Agriculture_allied_products,VKM_FOODS_PRIVATE_LIMITED,36,v39
506,E7,Marine_Products,5423,U_S_A,Kgs,1.87E+08,1.87E+08,Agriculture_allied_products,PRIME_FISHERIES_PRIVATE_LIMITED,70,v72
507,E7,Marine_Products,10027,Bangladesh_Pr,Kgs,4.75E+07,4.75E+07,Agriculture_allied_products,ZARAH_EXPORT-IMPORT_PVT._LTD,47,v26
508,E7,Marine_Products,10077,China_P_Rp,Kgs,4.36E+07,4.36E+07,Agriculture_allied_products,VKM_FOODS_PRIVATE_LIMITED,67,v46
509,E7,Marine_Products,10179,Hong_Kong,Kgs,3834442,3834442,Agriculture_allied_products,BANWARI_AROMAS_PVT_LTD_[EH],49,v34
510,E7,Marine_Products,10359,Singapore,Kgs,6164376,6164376,Agriculture_allied_products,A_R_BIOTECH_HERBALS_PRIVATE_LIMITED ,52,v27
511,E7,Marine_Products,10437,Vietnam_Soc_Rep,Kgs,3.32E+08,3.32E+08,Agriculture_allied_products,PRIME_FISHERIES_PRIVATE_LIMITED,25,v72
512,E7,Marine_Products,11351,Saudi_Arab,Kgs,1.10E+07,1.10E+07,Agriculture_allied_products,A_M_EXPORTS,70,v27
513,E7,Marine_Products,11419,U_Arab_Emts,Kgs,2.68E+07,2.68E+07,Agriculture_allied_products,AL-NASIR_EXPORTS_PVT.LTD.,36,v53
514,E7,Marine_Products,13147,Germany,Kgs,5226907,5226907,Agriculture_allied_products,ZARAH_EXPORT-IMPORT_PVT._LTD,28,v25
515,E7,Marine_Products,13421,U_K,Kgs,1.98E+07,1.98E+07,Agriculture_allied_products,DEFI_HEALTHCARE_PVT_LTD,48,v48
516,G5,"Pearl,_Precs,_Semiprecs_Stones",5423,U_S_A,Na,2.25E+07,3.18E+08,gems_and_jewelry,TRIMURTI_TRADING_COMPANY_PVT.LTD.,70,?
517,G5,"Pearl,_Precs,_Semiprecs_Stones",10027,Bangladesh_Pr,Na,2.25E+07,3.18E+08,gems_and_jewelry,ZAS_INTERNATIONAL,47,v12
518,G5,"Pearl,_Precs,_Semiprecs_Stones",10077,China_P_Rp,Na,2.25E+07,3.18E+08,gems_and_jewelry,SWARUP_INTERNATIONAL,67,v47
519,G5,"Pearl,_Precs,_Semiprecs_Stones",10179,Hong_Kong,Na,2.25E+07,3.18E+08,gems_and_jewelry,TRIMURTI_TRADING_COMPANY_PVT.LTD.,49,v1
520,G5,"Pearl,_Precs,_Semiprecs_Stones",10359,Singapore,Na,2.25E+07,3.18E+08,gems_and_jewelry,ZAS_INTERNATIONAL,52,v62
521,G5,"Pearl,_Precs,_Semiprecs_Stones",10437,Vietnam_Soc_Rep,Na,2.25E+07,3.18E+08,gems_and_jewelry,PADMANABH_TRIMBAK_BARVE,25,v13
522,G5,"Pearl,_Precs,_Semiprecs_Stones",11351,Saudi_Arab,Na,2.25E+07,3.18E+08,gems_and_jewelry,M_S_ENTERPRISE,70,v12
523,G5,"Pearl,_Precs,_Semiprecs_Stones",11419,U_Arab_Emts,Na,2.25E+07,3.18E+08,gems_and_jewelry,ELCOT_INTERNATIONAL,36,v72
524,G5,"Pearl,_Precs,_Semiprecs_Stones",13147,Germany,Na,2.25E+07,3.18E+08,gems_and_jewelry,SEVEN_SEAS_EXIM,28,v29
525,G5,"Pearl,_Precs,_Semiprecs_Stones",13421,U_K,Na,2.25E+07,3.18E+08,gems_and_jewelry,NAARWARE_EXIM_PRIVATE_LIMITED,48,v47
526,G6,Gold,5423,U_S_A,Kgs,994,994,gems_and_jewelry,M_S_ENTERPRISE,70,v2
527,G6,Gold,10179,Hong_Kong,Kgs,0,0,gems_and_jewelry,ELCOT_INTERNATIONAL,49,v1
528,G6,Gold,10359,Singapore,Kgs,873,873,gems_and_jewelry,RUPA_EXPORTS_PVT_LTD,52,v25
529,G6,Gold,11419,U_Arab_Emts,Kgs,131625,131625,gems_and_jewelry,PADMANABH_TRIMBAK_BARVE,36,v78
530,G6,Gold,13421,U_K,Kgs,5,5,gems_and_jewelry,SEVEN_SEAS_EXIM,48,v1
531,G9,Gold_And_Oth_Precs_Metl_Jwlery,5423,U_S_A,Na,2.25E+07,3.18E+08,gems_and_jewelry,MALABAR_EXPORT_CORPORATION,70,v72
532,G9,Gold_And_Oth_Precs_Metl_Jwlery,10027,Bangladesh_Pr,Na,2.25E+07,3.18E+08,gems_and_jewelry,ZAS_INTERNATIONAL,47,v1
533,G9,Gold_And_Oth_Precs_Metl_Jwlery,10077,China_P_Rp,Na,2.25E+07,3.18E+08,gems_and_jewelry,RUPA_EXPORTS_PVT_LTD,67,v12
534,G9,Gold_And_Oth_Precs_Metl_Jwlery,10179,Hong_Kong,Na,2.25E+07,3.18E+08,gems_and_jewelry,NAARWARE_EXIM_PRIVATE_LIMITED,49,v74
535,G9,Gold_And_Oth_Precs_Metl_Jwlery,10359,Singapore,Na,2.25E+07,3.18E+08,gems_and_jewelry,PADMANABH_TRIMBAK_BARVE,52,v60
536,G9,Gold_And_Oth_Precs_Metl_Jwlery,10437,Vietnam_Soc_Rep,Na,2.25E+07,3.18E+08,gems_and_jewelry,ELCOT_INTERNATIONAL,25,v1
537,G9,Gold_And_Oth_Precs_Metl_Jwlery,11351,Saudi_Arab,Na,2.25E+07,3.18E+08,gems_and_jewelry,NAARWARE_EXIM_PRIVATE_LIMITED,70,v17
538,G9,Gold_And_Oth_Precs_Metl_Jwlery,11419,U_Arab_Emts,Na,2.25E+07,3.18E+08,gems_and_jewelry,MALABAR_EXPORT_CORPORATION,36,v79
539,G9,Gold_And_Oth_Precs_Metl_Jwlery,13147,Germany,Na,2.25E+07,3.18E+08,gems_and_jewelry,VISHWA_ENGINEERS,28,v28
540,G9,Gold_And_Oth_Precs_Metl_Jwlery,13421,U_K,Na,2.25E+07,3.18E+08,gems_and_jewelry,UNION_EXPORTS,48,v62
541,H5,"Bulk_Drugs,_Drug_Intermediates",5423,U_S_A,Kgs,2.34E+07,2.34E+07,Chemical_Industry,AJAY_EXIM,70,v63
542,H5,"Bulk_Drugs,_Drug_Intermediates",10027,Bangladesh_Pr,Kgs,9345475,9345475,Chemical_Industry,INDIAN_POTASH_LIMITED,47,v41
543,H5,"Bulk_Drugs,_Drug_Intermediates",10077,China_P_Rp,Kgs,4533292,4533292,Chemical_Industry,AJAY_EXIM,67,v39
544,H5,"Bulk_Drugs,_Drug_Intermediates",10179,Hong_Kong,Kgs,373684,373684,Chemical_Industry,MDI_VIETINDIA_TRADE_PRIVATE_LIMITED,49,v22
545,H5,"Bulk_Drugs,_Drug_Intermediates",10359,Singapore,Kgs,1993654,1993654,Chemical_Industry,BL_GLOBAL,52,v31
546,H5,"Bulk_Drugs,_Drug_Intermediates",10437,Vietnam_Soc_Rep,Kgs,1.03E+07,1.03E+07,Chemical_Industry,VISHWA_ENGINEERS,25,v34
547,H5,"Bulk_Drugs,_Drug_Intermediates",11351,Saudi_Arab,Kgs,2420547,2420547,Chemical_Industry,UNION_EXPORTS,70,v23
548,H5,"Bulk_Drugs,_Drug_Intermediates",11419,U_Arab_Emts,Kgs,9532717,9532717,Chemical_Industry,A_B_GRAIN_SPIRITS_PVT.LTD.,36,v27
549,H5,"Bulk_Drugs,_Drug_Intermediates",13147,Germany,Kgs,8161359,8161359,Chemical_Industry,COSMO_CHEMICALS_PVT.LTD,28,v48
550,H5,"Bulk_Drugs,_Drug_Intermediates",13421,U_K,Kgs,4535976,4535976,Chemical_Industry,HEMAL_CHEMTECH_PRIVATE_LIMITED,48,v36
551,H8,"Drug_Formulations,_Biologicals",5423,U_S_A,Kgs,7.23E+07,7.23E+07,Chemical_Industry,AZIDUS_LABORATORIES_LTD,70,v78
552,H8,"Drug_Formulations,_Biologicals",10027,Bangladesh_Pr,Kgs,456017,456017,Chemical_Industry,A_B_GRAIN_SPIRITS_PVT.LTD.,47,v25
553,H8,"Drug_Formulations,_Biologicals",10077,China_P_Rp,Kgs,354867,354867,Chemical_Industry,INDIAN_ADDITIVES_LIMITED,67,v23
554,H8,"Drug_Formulations,_Biologicals",10179,Hong_Kong,Kgs,307594,307594,Chemical_Industry,COSMO_CHEMICALS_PVT.LTD.,49,v22
555,H8,"Drug_Formulations,_Biologicals",10359,Singapore,Kgs,1105931,1105931,Chemical_Industry,K_P_OVERSEAS,52,v29
556,H8,"Drug_Formulations,_Biologicals",10437,Vietnam_Soc_Rep,Kgs,4867084,4867084,Chemical_Industry,HEMAL_CHEMTECH_PRIVATE_LIMITED,25,v45
557,H8,"Drug_Formulations,_Biologicals",11351,Saudi_Arab,Kgs,283712,283712,Chemical_Industry,MALLADI_DRUGS_&_PHARMACEUTICALS_LIMITED_[SEH],70,v18
558,H8,"Drug_Formulations,_Biologicals",11419,U_Arab_Emts,Kgs,1370300,1370300,Chemical_Industry,LARSEN_&_TOUBRO_LIMITED,36,v28
559,H8,"Drug_Formulations,_Biologicals",13147,Germany,Kgs,5081112,5081112,Chemical_Industry,3A_EXPORTS,28,v47
560,H8,"Drug_Formulations,_Biologicals",13421,U_K,Kgs,1.88E+07,1.88E+07,Chemical_Industry,CARMEL_ORGANICS_PRIVATE_LIMITED,48,v64
561,I3,Organic_Chemicals,5423,U_S_A,Kgs,1.60E+08,1.60E+08,Chemical_Industry,BCM_CORPORATION,70,v66
562,I3,Organic_Chemicals,10027,Bangladesh_Pr,Kgs,2.38E+07,2.38E+07,Chemical_Industry,EISAI_PHARMACEUTICALS_INDIA_PVT_LTD,47,v27
563,I3,Organic_Chemicals,10077,China_P_Rp,Kgs,3.32E+08,3.32E+08,Chemical_Industry,CARMEL_ORGANICS_PRIVATE_LIMITED,67,v65
564,I3,Organic_Chemicals,10179,Hong_Kong,Kgs,822937,822937,Chemical_Industry,EISAI_PHARMACEUTICALS_INDIA_PVT_LTD,49,v22
565,I3,Organic_Chemicals,10359,Singapore,Kgs,1.05E+08,1.05E+08,Chemical_Industry,BCM_CORPORATION,52,v44
566,I3,Organic_Chemicals,10437,Vietnam_Soc_Rep,Kgs,8877733,8877733,Chemical_Industry,HEMAL_CHEMTECH_PRIVATE_LIMITED,25,v23
567,I3,Organic_Chemicals,11351,Saudi_Arab,Kgs,5.13E+08,5.13E+08,Chemical_Industry,COSMO_CHEMICALS_PVT.LTD,70,v63
568,I3,Organic_Chemicals,11419,U_Arab_Emts,Kgs,1.70E+08,1.70E+08,Chemical_Industry,UNION_EXPORTS,36,v51
569,I3,Organic_Chemicals,13147,Germany,Kgs,3.46E+07,3.46E+07,Chemical_Industry,A_B_GRAIN_SPIRITS_PVT.LTD.,28,v55
570,I3,Organic_Chemicals,13421,U_K,Kgs,1.22E+07,1.22E+07,Chemical_Industry,COSMO_CHEMICALS_PVT.LTD,48,v30
571,I7,Residul_Chemicl_And_Alled_Prod,5423,U_S_A,Na,2.25E+07,3.18E+08,Chemical_Industry,HEMAL_CHEMTECH_PRIVATE_LIMITED,70,v66
572,I7,Residul_Chemicl_And_Alled_Prod,10027,Bangladesh_Pr,Na,2.25E+07,3.18E+08,Chemical_Industry,AZIDUS_LABORATORIES_LTD,47,v40
573,I7,Residul_Chemicl_And_Alled_Prod,10077,China_P_Rp,Na,2.25E+07,3.18E+08,Chemical_Industry,A_B_GRAIN_SPIRITS_PVT.LTD.,67,v60
574,I7,Residul_Chemicl_And_Alled_Prod,10179,Hong_Kong,Na,2.25E+07,3.18E+08,Chemical_Industry,INDIAN_ADDITIVES_LIMITED,49,v22
575,I7,Residul_Chemicl_And_Alled_Prod,10359,Singapore,Na,2.25E+07,3.18E+08,Chemical_Industry,COSMO_CHEMICALS_PVT.LTD.,52,v50
576,I7,Residul_Chemicl_And_Alled_Prod,10437,Vietnam_Soc_Rep,Na,2.25E+07,3.18E+08,Chemical_Industry,K_P_OVERSEAS,25,v26
577,I7,Residul_Chemicl_And_Alled_Prod,11351,Saudi_Arab,Na,2.25E+07,3.18E+08,Chemical_Industry,HEMAL_CHEMTECH_PRIVATE_LIMITED,70,v30
578,I7,Residul_Chemicl_And_Alled_Prod,11419,U_Arab_Emts,Na,2.25E+07,3.18E+08,Chemical_Industry,MALLADI_DRUGS_&_PHARMACEUTICALS_LIMITED_[SEH],36,v40
579,I7,Residul_Chemicl_And_Alled_Prod,13147,Germany,Na,2.25E+07,3.18E+08,Chemical_Industry,LARSEN_&_TOUBRO_LIMITED,28,v60
580,I7,Residul_Chemicl_And_Alled_Prod,13421,U_K,Na,2.25E+07,3.18E+08,Chemical_Industry,3A_EXPORTS,48,v41
581,L3,Iron_And_Steel,5423,U_S_A,Ton,354667,3.22E+08,Ores_and_minerals,G_S_R_MARKETING_LTD.,70,v62
582,L3,Iron_And_Steel,10027,Bangladesh_Pr,Ton,1071222,9.72E+08,Ores_and_minerals,CONFITECH_BARTER_PRIVATE_LIMITED,47,v63
583,L3,Iron_And_Steel,10077,China_P_Rp,Ton,584448,5.30E+08,Ores_and_minerals,BANJARA_IMPORTS_AND_EXPORTS,67,v63
584,L3,Iron_And_Steel,10179,Hong_Kong,Ton,3941,3575216.085,Ores_and_minerals,DEVANI_TEXTILES ,49,v18
585,L3,Iron_And_Steel,10359,Singapore,Ton,47138,4.28E+07,Ores_and_minerals,G_S_R_MARKETING_LTD.,52,v26
586,L3,Iron_And_Steel,10437,Vietnam_Soc_Rep,Ton,1148874,1.04E+09,Ores_and_minerals,FOOD_&_BIOTECH_ENGINEERS_(INDIA)_PVT_LTD,25,v66
587,L3,Iron_And_Steel,11351,Saudi_Arab,Ton,146120,1.33E+08,Ores_and_minerals,INDEPTH_IMPEX_PRIVATE_LIMITED,70,v35
588,L3,Iron_And_Steel,11419,U_Arab_Emts,Ton,894875,8.12E+08,Ores_and_minerals,CONFITECH_BARTER_PRIVATE_LIMITED,36,v66
589,L3,Iron_And_Steel,13147,Germany,Ton,64764,5.88E+07,Ores_and_minerals,A_K_M_EXPORTS,28,v38
590,L3,Iron_And_Steel,13421,U_K,Ton,175330,1.59E+08,Ores_and_minerals,GEO_TRANS_INTERNATIONAL_PVT_LIMITED,48,v42
591,L4,Products_Of_Iron_And_Steel,5423,U_S_A,Na,2.25E+07,3.18E+08,Ores_and_minerals,ACE_FAB_EXPORTS,70,v72
592,L4,Products_Of_Iron_And_Steel,10027,Bangladesh_Pr,Na,2.25E+07,3.18E+08,Ores_and_minerals,DUPLEX_STEEL_AND_ENGINEERING_CO.,47,v33
593,L4,Products_Of_Iron_And_Steel,10077,China_P_Rp,Na,2.25E+07,3.18E+08,Ores_and_minerals,J._R._INTERNATIONAL,67,v32
594,L4,Products_Of_Iron_And_Steel,10179,Hong_Kong,Na,2.25E+07,3.18E+08,Ores_and_minerals,EMI_TRADING_&_ENGINEERING_(INDIA)_PRIVATE_LIMITED,49,v14
595,L4,Products_Of_Iron_And_Steel,10359,Singapore,Na,2.25E+07,3.18E+08,Ores_and_minerals,BEST_OFFSET_PRIVATE_LIMITED,52,v26
596,L4,Products_Of_Iron_And_Steel,10437,Vietnam_Soc_Rep,Na,2.25E+07,3.18E+08,Ores_and_minerals,A_K_M_EXPORTS,25,v22
597,L4,Products_Of_Iron_And_Steel,11351,Saudi_Arab,Na,2.25E+07,3.18E+08,Ores_and_minerals,GEO_TRANS_INTERNATIONAL_PVT_LIMITED,70,v62
598,L4,Products_Of_Iron_And_Steel,11419,U_Arab_Emts,Na,2.25E+07,3.18E+08,Ores_and_minerals,EMI_TRADING_&_ENGINEERING_(INDIA)_PRIVATE_LIMITED,36,v66
599,L4,Products_Of_Iron_And_Steel,13147,Germany,Na,2.25E+07,3.18E+08,Ores_and_minerals,3N_INTERNATIONAL,28,v62
600,L4,Products_Of_Iron_And_Steel,13421,U_K,Na,2.25E+07,3.18E+08,Ores_and_minerals,AARIHANT_OVERSEAS,48,v61
601,M3,Auto_Components/Parts,5423,U_S_A,Na,2.25E+07,3.18E+08,Manifacutred_goods,CONNECTRIX_INDIA_PVT._LTD.,70,v70
602,M3,Auto_Components/Parts,10027,Bangladesh_Pr,Na,2.25E+07,3.18E+08,Manifacutred_goods,DRIVELINE_BRAKES_PRIVATE_LIMITED,47,v59
603,M3,Auto_Components/Parts,10077,China_P_Rp,Na,2.25E+07,3.18E+08,Manifacutred_goods,GALAXY_MARKETING_ASSOCIATES,67,v33
604,M3,Auto_Components/Parts,10179,Hong_Kong,Na,2.25E+07,3.18E+08,Manifacutred_goods,MACRO_POWERTECH_INDIA_PVT_LTD,49,v14
605,M3,Auto_Components/Parts,10359,Singapore,Na,2.25E+07,3.18E+08,Manifacutred_goods,J_K_&_SONS,52,v19
606,M3,Auto_Components/Parts,10437,Vietnam_Soc_Rep,Na,2.25E+07,3.18E+08,Manifacutred_goods,J_K_&_SONS,25,v23
607,M3,Auto_Components/Parts,11351,Saudi_Arab,Na,2.25E+07,3.18E+08,Manifacutred_goods,CONNECTRIX_INDIA_PVT._LTD.,70,v24
608,M3,Auto_Components/Parts,11419,U_Arab_Emts,Na,2.25E+07,3.18E+08,Manifacutred_goods,MACRO_POWERTECH_INDIA_PVT_LTD,36,v40
609,M3,Auto_Components/Parts,13147,Germany,Na,2.25E+07,3.18E+08,Manifacutred_goods,DRIVELINE_BRAKES_PRIVATE_LIMITED,28,v57
610,M3,Auto_Components/Parts,13421,U_K,Na,2.25E+07,3.18E+08,Manifacutred_goods,NATIONAL_TRADERS,48,v48
611,N4,Electric_Machinery_And_Equipme,5423,U_S_A,Na,2.25E+07,3.18E+08,Manifacutred_goods,3N_INTERNATIONAL,70,v68
612,N4,Electric_Machinery_And_Equipme,10027,Bangladesh_Pr,Na,2.25E+07,3.18E+08,Manifacutred_goods,PRIMETECH_INDUSTRIES,47,v40
613,N4,Electric_Machinery_And_Equipme,10077,China_P_Rp,Na,2.25E+07,3.18E+08,Manifacutred_goods,AARIHANT_OVERSEAS,67,v40
614,N4,Electric_Machinery_And_Equipme,10179,Hong_Kong,Na,2.25E+07,3.18E+08,Manifacutred_goods,GALAXY_MARKETING_ASSOCIATES,49,v25
615,N4,Electric_Machinery_And_Equipme,10359,Singapore,Na,2.25E+07,3.18E+08,Manifacutred_goods,J_K_&_SONS,52,v39
616,N4,Electric_Machinery_And_Equipme,10437,Vietnam_Soc_Rep,Na,2.25E+07,3.18E+08,Manifacutred_goods,NATIONAL_TRADERS,25,v33
617,N4,Electric_Machinery_And_Equipme,11351,Saudi_Arab,Na,2.25E+07,3.18E+08,Manifacutred_goods,CONNECTRIX_INDIA_PVT._LTD.,70,v29
618,N4,Electric_Machinery_And_Equipme,11419,U_Arab_Emts,Na,2.25E+07,3.18E+08,Manifacutred_goods,LAKSH_IMPEX,36,v60
619,N4,Electric_Machinery_And_Equipme,13147,Germany,Na,2.25E+07,3.18E+08,Manifacutred_goods,MAHINDRA_AEROSTRUCTURES_PVT._LTD,28,v62
620,N4,Electric_Machinery_And_Equipme,13421,U_K,Na,2.25E+07,3.18E+08,Manifacutred_goods,PRAGATI_INTERNATIONAL,48,v62
621,N6,Indl._Machnry_For_Dairy_Etc,5423,U_S_A,Na,2.25E+07,3.18E+08,Manifacutred_goods,THERMAX_LTD,70,v66
622,N6,Indl._Machnry_For_Dairy_Etc,10027,Bangladesh_Pr,Na,2.25E+07,3.18E+08,Manifacutred_goods,K_K_THAKER,47,v62
623,N6,Indl._Machnry_For_Dairy_Etc,10077,China_P_Rp,Na,2.25E+07,3.18E+08,Manifacutred_goods,SHREE_RAMDOOT_IMPORT_EXPORT_PRIVATE_LIMITED,67,v39
624,N6,Indl._Machnry_For_Dairy_Etc,10179,Hong_Kong,Na,2.25E+07,3.18E+08,Manifacutred_goods,MAHINDRA_AEROSTRUCTURES_PVT._LTD,49,v18
625,N6,Indl._Machnry_For_Dairy_Etc,10359,Singapore,Na,2.25E+07,3.18E+08,Manifacutred_goods,WIPRO_ENTERPRISES_PRIVATE_LIMITED,52,v33
626,N6,Indl._Machnry_For_Dairy_Etc,10437,Vietnam_Soc_Rep,Na,2.25E+07,3.18E+08,Manifacutred_goods,THERMAX_LTD,25,v38
627,N6,Indl._Machnry_For_Dairy_Etc,11351,Saudi_Arab,Na,2.25E+07,3.18E+08,Manifacutred_goods,K_K_THAKER,70,v34
628,N6,Indl._Machnry_For_Dairy_Etc,11419,U_Arab_Emts,Na,2.25E+07,3.18E+08,Manifacutred_goods,KHUSHI_EXPORTS,36,v51
629,N6,Indl._Machnry_For_Dairy_Etc,13147,Germany,Na,2.25E+07,3.18E+08,Manifacutred_goods,3M_INDIA_LIMITED,28,v58
630,N6,Indl._Machnry_For_Dairy_Etc,13421,U_K,Na,2.25E+07,3.18E+08,Manifacutred_goods,INDIANA_MACHINE_TOOLS,48,v34
631,O4,"Aircraft,_Spacecraft_And_Parts",5423,U_S_A,Na,2.25E+07,3.18E+08,Manifacutred_goods,EXCEL_ENGINEERS,70,v66
632,O4,"Aircraft,_Spacecraft_And_Parts",10027,Bangladesh_Pr,Na,2.25E+07,3.18E+08,Manifacutred_goods,KHUSHI_EXPORTS,47,v1
633,O4,"Aircraft,_Spacecraft_And_Parts",10077,China_P_Rp,Na,2.25E+07,3.18E+08,Manifacutred_goods,3M_INDIA_LIMITED,67,v23
634,O4,"Aircraft,_Spacecraft_And_Parts",10179,Hong_Kong,Na,2.25E+07,3.18E+08,Manifacutred_goods,KHUSHI_EXPORTS,49,v15
635,O4,"Aircraft,_Spacecraft_And_Parts",10359,Singapore,Na,2.25E+07,3.18E+08,Manifacutred_goods,"FRESCO_RADIATORS_PVT._LTD.,",52,v60
636,O4,"Aircraft,_Spacecraft_And_Parts",10437,Vietnam_Soc_Rep,Na,2.25E+07,3.18E+08,Manifacutred_goods,GEETAANSH_ENTERPRISES,25,v2
637,O4,"Aircraft,_Spacecraft_And_Parts",11351,Saudi_Arab,Na,2.25E+07,3.18E+08,Manifacutred_goods,EXCEL_ENGINEERS,70,v4
638,O4,"Aircraft,_Spacecraft_And_Parts",11419,U_Arab_Emts,Na,2.25E+07,3.18E+08,Manifacutred_goods,AADHAYA_INCORPORATION,36,v50
639,O4,"Aircraft,_Spacecraft_And_Parts",13147,Germany,Na,2.25E+07,3.18E+08,Manifacutred_goods,AADHAYA_INCORPORATION,28,v52
640,O4,"Aircraft,_Spacecraft_And_Parts",13421,U_K,Na,2.25E+07,3.18E+08,Manifacutred_goods,"BRASSTECH_ENGINEERING_PVT._LTD.,",48,v60
641,O5,Motor_Vehicle/Cars,5423,U_S_A,Nos,108,108,Manifacutred_goods,3N_INTERNATIONAL,70,v14
642,O5,Motor_Vehicle/Cars,10027,Bangladesh_Pr,Nos,43514,43514,Manifacutred_goods,D_N_TECHNOLOGIES,47,v61
643,O5,Motor_Vehicle/Cars,10077,China_P_Rp,Nos,22,22,Manifacutred_goods,"BRASSTECH_ENGINEERING_PVT._LTD.,",67,v12
644,O5,Motor_Vehicle/Cars,10359,Singapore,Nos,34,34,Manifacutred_goods,MADHU_SUBTRONIC_COMPONENTS_PVT_LTD,52,v12
645,O5,Motor_Vehicle/Cars,10437,Vietnam_Soc_Rep,Nos,23867,23867,Manifacutred_goods,GENERAL_EXPORT,25,v56
646,O5,Motor_Vehicle/Cars,11351,Saudi_Arab,Nos,24856,24856,Manifacutred_goods,3N_INTERNATIONAL,70,v61
647,O5,Motor_Vehicle/Cars,11419,U_Arab_Emts,Nos,13221,13221,Manifacutred_goods,D_N_TECHNOLOGIES,36,v44
648,O5,Motor_Vehicle/Cars,13147,Germany,Nos,18334,18334,Manifacutred_goods,5_BRO_INDIA,28,v58
649,O5,Motor_Vehicle/Cars,13421,U_K,Nos,50164,50164,Manifacutred_goods,AL_ZUBAIR_EXPORTER_[EH],48,v64
650,O7,"Ship,_Boat_And_Floating_Struct",5423,U_S_A,Na,2.25E+07,3.18E+08,Manifacutred_goods,3M_ELECTRO_&_COMMUNICATION_INDIA_PVT.LTD,70,v13
651,O7,"Ship,_Boat_And_Floating_Struct",10027,Bangladesh_Pr,Na,2.25E+07,3.18E+08,Manifacutred_goods,"BRASSTECH_ENGINEERING_PVT._LTD.,",47,v1
652,O7,"Ship,_Boat_And_Floating_Struct",10077,China_P_Rp,Na,2.25E+07,3.18E+08,Manifacutred_goods,CARE_INSTRUMENTS,67,v1
653,O7,"Ship,_Boat_And_Floating_Struct",10179,Hong_Kong,Na,2.25E+07,3.18E+08,Manifacutred_goods,EQUIPMENT_FABRICATORS,49,v1
654,O7,"Ship,_Boat_And_Floating_Struct",10359,Singapore,Na,2.25E+07,3.18E+08,Manifacutred_goods,INDO_EXPORTS,52,v72
655,O7,"Ship,_Boat_And_Floating_Struct",11351,Saudi_Arab,Na,2.25E+07,3.18E+08,Manifacutred_goods,GREAT_STEEL_&_METALS,70,v1
656,O7,"Ship,_Boat_And_Floating_Struct",11419,U_Arab_Emts,Na,2.25E+07,3.18E+08,Manifacutred_goods,AL_ZUBAIR_EXPORTER_[EH],36,v72
657,O7,"Ship,_Boat_And_Floating_Struct",13147,Germany,Na,2.25E+07,3.18E+08,Manifacutred_goods,SKYRISE_OVERSEAS_PVT._LTD,28,v3
658,O7,"Ship,_Boat_And_Floating_Struct",13421,U_K,Na,2.25E+07,3.18E+08,Manifacutred_goods,5_BRO_INDIA,48,v7
659,P7,Cotton_Yarn,5423,U_S_A,Ton,5500,4989517.5,Textile,3D_INTERNATIONAL,70,v22
660,P7,Cotton_Yarn,10027,Bangladesh_Pr,Ton,192662,1.75E+08,Textile,CONTEMPORARY_INDUSTRIES_LTD.,47,v66
661,P7,Cotton_Yarn,10077,China_P_Rp,Ton,454892,4.13E+08,Textile,DECENT_HANDICRAFT,67,v72
662,P7,Cotton_Yarn,10179,Hong_Kong,Ton,23784,2.16E+07,Textile,FLOCK_CREATION_PRIVATE_LIMITED,49,v32
663,P7,Cotton_Yarn,10359,Singapore,Ton,68,61688.58,Textile,A_R_POLYSACKS_PVT._LTD.,52,v3
664,P7,Cotton_Yarn,10437,Vietnam_Soc_Rep,Ton,25327,2.30E+07,Textile,GEEKAY_EXPORTS,25,v34
665,P7,Cotton_Yarn,11351,Saudi_Arab,Ton,51,46266.435,Textile,DAISY_INDUSTRIES,70,v3
666,P7,Cotton_Yarn,11419,U_Arab_Emts,Ton,1722,1562172.57,Textile,DECENT_HANDICRAFT,36,v16
667,P7,Cotton_Yarn,13147,Germany,Ton,18239,1.65E+07,Textile,GEEKAY_EXPORTS,28,v31
668,P7,Cotton_Yarn,13421,U_K,Ton,936,849125.16,Textile,3D_INTERNATIONAL,48,v13
669,P8,"Cotton_Fabrics,_Madeups_Etc.",5423,U_S_A,Na,2.25E+07,3.18E+08,Textile,3D_INTERNATIONAL,70,v72
670,P8,"Cotton_Fabrics,_Madeups_Etc.",10027,Bangladesh_Pr,Na,2.25E+07,3.18E+08,Textile,CONTEMPORARY_INDUSTRIES_LTD.,47,v63
671,P8,"Cotton_Fabrics,_Madeups_Etc.",10077,China_P_Rp,Na,2.25E+07,3.18E+08,Textile,DECENT_HANDICRAFT,67,v26
672,P8,"Cotton_Fabrics,_Madeups_Etc.",10179,Hong_Kong,Na,2.25E+07,3.18E+08,Textile,FLOCK_CREATION_PRIVATE_LIMITED,49,v21
673,P8,"Cotton_Fabrics,_Madeups_Etc.",10359,Singapore,Na,2.25E+07,3.18E+08,Textile,A_R_POLYSACKS_PVT._LTD.,52,v17
674,P8,"Cotton_Fabrics,_Madeups_Etc.",10437,Vietnam_Soc_Rep,Na,2.25E+07,3.18E+08,Textile,GEEKAY_EXPORTS,25,v23
675,P8,"Cotton_Fabrics,_Madeups_Etc.",11351,Saudi_Arab,Na,2.25E+07,3.18E+08,Textile,DAISY_INDUSTRIES,70,v25
676,P8,"Cotton_Fabrics,_Madeups_Etc.",11419,U_Arab_Emts,Na,2.25E+07,3.18E+08,Textile,DECENT_HANDICRAFT,36,v52
677,P8,"Cotton_Fabrics,_Madeups_Etc.",13147,Germany,Na,2.25E+07,3.18E+08,Textile,GEEKAY_EXPORTS,28,v55
678,P8,"Cotton_Fabrics,_Madeups_Etc.",13421,U_K,Na,2.25E+07,3.18E+08,Textile,3D_INTERNATIONAL,48,v60
679,Q3,"Manmade_Yarn,Fabrics,Madeups",5423,U_S_A,Na,2.25E+07,3.18E+08,Textile,3D_INTERNATIONAL,70,v63
680,Q3,"Manmade_Yarn,Fabrics,Madeups",10027,Bangladesh_Pr,Na,2.25E+07,3.18E+08,Textile,CONTEMPORARY_INDUSTRIES_LTD.,47,v62
681,Q3,"Manmade_Yarn,Fabrics,Madeups",10077,China_P_Rp,Na,2.25E+07,3.18E+08,Textile,DECENT_HANDICRAFT,67,v26
682,Q3,"Manmade_Yarn,Fabrics,Madeups",10179,Hong_Kong,Na,2.25E+07,3.18E+08,Textile,FLOCK_CREATION_PRIVATE_LIMITED,49,v19
683,Q3,"Manmade_Yarn,Fabrics,Madeups",10359,Singapore,Na,2.25E+07,3.18E+08,Textile,A_R_POLYSACKS_PVT._LTD.,52,v22
684,Q3,"Manmade_Yarn,Fabrics,Madeups",10437,Vietnam_Soc_Rep,Na,2.25E+07,3.18E+08,Textile,GEEKAY_EXPORTS,25,v35
685,Q3,"Manmade_Yarn,Fabrics,Madeups",11351,Saudi_Arab,Na,2.25E+07,3.18E+08,Textile,DAISY_INDUSTRIES,70,v27
686,Q3,"Manmade_Yarn,Fabrics,Madeups",11419,U_Arab_Emts,Na,2.25E+07,3.18E+08,Textile,DECENT_HANDICRAFT,36,v63
687,Q3,"Manmade_Yarn,Fabrics,Madeups",13147,Germany,Na,2.25E+07,3.18E+08,Textile,GEEKAY_EXPORTS,28,v39
688,Q3,"Manmade_Yarn,Fabrics,Madeups",13421,U_K,Na,2.25E+07,3.18E+08,Textile,3D_INTERNATIONAL,48,v46
689,Q6,Rmg_Cotton_Incl_Accessories,5423,U_S_A,Na,2.25E+07,3.18E+08,Textile,3D_INTERNATIONAL,70,v72
690,Q6,Rmg_Cotton_Incl_Accessories,10027,Bangladesh_Pr,Na,2.25E+07,3.18E+08,Textile,CONTEMPORARY_INDUSTRIES_LTD.,47,v14
691,Q6,Rmg_Cotton_Incl_Accessories,10077,China_P_Rp,Na,2.25E+07,3.18E+08,Textile,DECENT_HANDICRAFT,67,v29
692,Q6,Rmg_Cotton_Incl_Accessories,10179,Hong_Kong,Na,2.25E+07,3.18E+08,Textile,FLOCK_CREATION_PRIVATE_LIMITED,49,v25
693,Q6,Rmg_Cotton_Incl_Accessories,10359,Singapore,Na,2.25E+07,3.18E+08,Textile,A_R_POLYSACKS_PVT._LTD.,52,v23
694,Q6,Rmg_Cotton_Incl_Accessories,10437,Vietnam_Soc_Rep,Na,2.25E+07,3.18E+08,Textile,GEEKAY_EXPORTS,25,v5v6
695,Q6,Rmg_Cotton_Incl_Accessories,11351,Saudi_Arab,Na,2.25E+07,3.18E+08,Textile,DAISY_INDUSTRIES,70,v61
696,Q6,Rmg_Cotton_Incl_Accessories,11419,U_Arab_Emts,Na,2.25E+07,3.18E+08,Textile,DECENT_HANDICRAFT,36,v71
697,Q6,Rmg_Cotton_Incl_Accessories,13147,Germany,Na,2.25E+07,3.18E+08,Textile,GEEKAY_EXPORTS,28,v67
698,Q6,Rmg_Cotton_Incl_Accessories,13421,U_K,Na,2.25E+07,3.18E+08,Textile,3D_INTERNATIONAL,48,v71
699,Q8,Rmg_Manmade_Fibres,5423,U_S_A,Na,2.25E+07,3.18E+08,Textile,3D_INTERNATIONAL,70,v70
700,Q8,Rmg_Manmade_Fibres,10027,Bangladesh_Pr,Na,2.25E+07,3.18E+08,Textile,CONTEMPORARY_INDUSTRIES_LTD.,47,v24
701,Q8,Rmg_Manmade_Fibres,10077,China_P_Rp,Na,2.25E+07,3.18E+08,Textile,DECENT_HANDICRAFT,67,v21
702,Q8,Rmg_Manmade_Fibres,10179,Hong_Kong,Na,2.25E+07,3.18E+08,Textile,FLOCK_CREATION_PRIVATE_LIMITED,49,v21
703,Q8,Rmg_Manmade_Fibres,10359,Singapore,Na,2.25E+07,3.18E+08,Textile,A_R_POLYSACKS_PVT._LTD.,52,v21
704,Q8,Rmg_Manmade_Fibres,10437,Vietnam_Soc_Rep,Na,2.25E+07,3.18E+08,Textile,GEEKAY_EXPORTS,25,v1
705,Q8,Rmg_Manmade_Fibres,11351,Saudi_Arab,Na,2.25E+07,3.18E+08,Textile,DAISY_INDUSTRIES,70,v40
706,Q8,Rmg_Manmade_Fibres,11419,U_Arab_Emts,Na,2.25E+07,3.18E+08,Textile,DECENT_HANDICRAFT,36,v72
707,Q8,Rmg_Manmade_Fibres,13147,Germany,Na,2.25E+07,3.18E+08,Textile,GEEKAY_EXPORTS,28,v61
708,Q8,Rmg_Manmade_Fibres,13421,U_K,Na,2.25E+07,3.18E+08,Textile,3D_INTERNATIONAL,48,v64
709,S6,Petroleum_Products,5423,U_S_A,Ton,3577487,3.25E+09,Ores_and_minerals,Bharat_Petroleum,70,v72
710,S6,Petroleum_Products,10027,Bangladesh_Pr,Ton,268573,2.44E+08,Ores_and_minerals,Bharat_Petroleum,47,v46
711,S6,Petroleum_Products,10077,China_P_Rp,Ton,1919643,1.74E+09,Ores_and_minerals,Oil_and_Natural_Gas_Corporation,67,v68
712,S6,Petroleum_Products,10179,Hong_Kong,Ton,327316,2.97E+08,Ores_and_minerals,Reliance_Natural_Resources_Limited,49,v47
713,S6,Petroleum_Products,10359,Singapore,Ton,1.07E+07,9.71E+09,Ores_and_minerals,Hindustan_Petroleum,52,v77
714,S6,Petroleum_Products,10437,Vietnam_Soc_Rep,Ton,355342,3.22E+08,Ores_and_minerals,Hindustan_Petroleum,25,v45
715,S6,Petroleum_Products,11351,Saudi_Arab,Ton,1186655,1.08E+09,Ores_and_minerals,Oil_and_Natural_Gas_Corporation,70,v65
716,S6,Petroleum_Products,11419,U_Arab_Emts,Ton,8346665,7.57E+09,Ores_and_minerals,Indian_Oil_Corporation,36,v75
717,S6,Petroleum_Products,13147,Germany,Ton,63788,5.79E+07,Ores_and_minerals,Reliance_Natural_Resources_Limited,28,v25
718,S6,Petroleum_Products,13421,U_K,Ton,10326,9367592.31,Ores_and_minerals,Bharat_Petroleum,48,v19
